id,guid,memberid,firstname,lastname,fullname,committeeid,committeename,committee_active,membertypeid,title,memberactive,startdate,enddate,version,lastupdatedutc
3847,0879114D-8CE1-4084-B7F5-F3C36188D1AF,7562,Margaret S.,Chin,Margaret S. Chin,3,Committee on Aging,TRUE,1,Chairperson,TRUE,2018-01-11 0:00:00,2021-12-31 0:00:00,AAAAAOV8hOg=,2018-01-11 15:10:04
3848,D7991589-B5CC-4555-9CC4-55E7B9BD855D,7742,Diana,Ayala,Diana Ayala,3,Committee on Aging,TRUE,3,Committee member,TRUE,2018-01-11 0:00:00,2021-12-31 0:00:00,AAAAAOV8hVU=,2018-01-11 15:10:34
3849,FB647542-EA29-4A04-88CF-AA9D4C353305,7629,Chaim M.,Deutsch,Chaim M. Deutsch,3,Committee on Aging,TRUE,3,Committee member,TRUE,2018-01-11 0:00:00,2021-12-31 0:00:00,AAAAAOV8hVY=,2018-01-11 15:11:44
3850,6DCA54ED-5EEE-4F6A-B949-41159C1E49CF,7744,Ruben,"Diaz, Sr.","Ruben Diaz, Sr.",3,Committee on Aging,TRUE,3,Committee member,TRUE,2018-01-11 0:00:00,2021-12-31 0:00:00,AAAAAOV8hVc=,2018-01-11 15:12:40
3851,414B764F-15FC-4F7A-8047-0CA22C39490F,7563,Daniel,Dromm,Daniel Dromm,3,Committee on Aging,TRUE,3,Committee member,FALSE,2018-01-11 0:00:00,2019-04-09 0:00:00,AAAAAOXMh5U=,2018-01-11 15:13:09
3852,C8A5D85B-0152-445B-B03F-50F9475B72A8,7113,Mathieu,Eugene,Mathieu Eugene,3,Committee on Aging,TRUE,3,Committee member,TRUE,2018-01-11 0:00:00,2021-12-31 0:00:00,AAAAAOV8hVk=,2018-01-11 15:15:48
3853,F3D706EE-D37A-4E22-A0C0-C9AFA1FE8681,7568,Deborah L.,Rose,Deborah L. Rose,3,Committee on Aging,TRUE,3,Committee member,TRUE,2018-01-11 0:00:00,2021-12-31 0:00:00,AAAAAOV8hVo=,2018-01-11 15:16:37
3854,D1F5DAB8-651D-453B-A08A-829ACBAAE96A,7641,Mark,Treyger,Mark Treyger,3,Committee on Aging,TRUE,3,Committee member,TRUE,2018-01-11 0:00:00,2021-12-31 0:00:00,AAAAAOV8hXk=,2018-01-11 15:17:12
3855,D9DE258E-554E-44C9-A54A-A49A7D238C73,7642,Paul A.,Vallone,Paul A. Vallone,3,Committee on Aging,TRUE,3,Committee member,TRUE,2018-01-11 0:00:00,2021-12-31 0:00:00,AAAAAOV8hVs=,2018-01-11 15:17:51
3863,F6B1DA3A-DE29-42A8-8D0C-BF67A139F015,7637,I. Daneek,Miller,I. Daneek Miller,4,Committee on Civil Service and Labor,TRUE,1,Chairperson,TRUE,2018-01-11 0:00:00,2021-12-31 0:00:00,AAAAAOV8hTQ=,2018-01-11 19:09:25
3864,89F8DB14-1AB3-4756-9780-27D6B8BE3056,7739,Adrienne,Adams,Adrienne E. Adams,4,Committee on Civil Service and Labor,TRUE,3,Committee member,TRUE,2018-01-11 0:00:00,2021-12-31 0:00:00,AAAAAOV8hT0=,2018-01-11 19:10:14
3865,AF0D8C6F-38CC-4E98-BE1A-9C7B3CC43B66,7563,Daniel,Dromm,Daniel Dromm,4,Committee on Civil Service and Labor,TRUE,3,Committee member,TRUE,2018-01-11 0:00:00,2021-12-31 0:00:00,AAAAAOV8hUM=,2018-01-11 19:10:56
3866,C20A47C8-E26D-4347-9488-C5B948FCEEC4,7613,Andy L.,King,Andy L. King,4,Committee on Civil Service and Labor,TRUE,3,Committee member,FALSE,2018-01-11 0:00:00,2019-10-29 0:00:00,AAAAAOXsA0M=,2018-01-11 19:11:27
3867,36AFE339-32FA-4ECA-BE29-6DBB33D367A5,7635,Alan N.,Maisel,Alan N. Maisel,4,Committee on Civil Service and Labor,TRUE,3,Committee member,FALSE,2018-01-11 0:00:00,2019-06-12 0:00:00,AAAAAOXXExA=,2018-01-11 19:12:03
3868,CF2CC745-84C3-412A-B1B7-09D948FC002A,7510,Eric A.,Ulrich,Eric A. Ulrich,4,Committee on Civil Service and Labor,TRUE,3,Committee member,TRUE,2018-01-11 0:00:00,2021-12-31 0:00:00,AAAAAOV8hUw=,2018-01-11 19:12:31
3869,E8CF908E-F27A-4311-A350-C00505F06FC8,7571,Jumaane D.,Williams,Jumaane D. Williams,4,Committee on Civil Service and Labor,TRUE,3,Committee member,FALSE,2018-01-11 0:00:00,2019-03-19 0:00:00,AAAAAOXI/FE=,2018-01-11 19:13:00
4226,014693E1-8CC8-487B-9EDA-0F73091466BF,7745,Francisco P.,Moya,Francisco P. Moya,4,Committee on Civil Service and Labor,TRUE,3,Committee member,TRUE,2019-04-10 0:00:00,2021-12-31 0:00:00,AAAAAOXMh6U=,2019-04-09 16:09:36
4261,1A2A582D-FCD8-4A4F-97DD-30E5193D0831,7785,Farah,Louis,Farah N. Louis,4,Committee on Civil Service and Labor,TRUE,3,Committee member,TRUE,2019-06-13 0:00:00,2021-12-31 0:00:00,AAAAAOXXE3w=,2019-06-13 17:52:50
4292,D122E9EE-6C76-4277-ADA5-EF45F2F7B226,7639,Helen K.,Rosenthal,Helen K. Rosenthal,4,Committee on Civil Service and Labor,TRUE,3,Committee member,TRUE,2019-10-30 0:00:00,2021-12-31 0:00:00,AAAAAOXsA0U=,2019-10-30 17:04:28
3875,0111A809-851B-4491-8162-752B9C75EAE4,7748,Justin L.,Brannan,Justin L. Brannan,6,Committee on Contracts,TRUE,1,Chairperson,FALSE,2018-01-11 0:00:00,2019-04-09 0:00:00,AAAAAOXMjis=,2018-01-11 19:40:39
3876,A531DF8D-F6B3-4EE5-A706-6EC9EF99C447,7623,Inez D.,Barron,Inez D. Barron,6,Committee on Contracts,TRUE,3,Committee member,TRUE,2018-01-11 0:00:00,2021-12-31 0:00:00,AAAAAOV8hbY=,2018-01-11 19:41:05
3877,B3223751-2571-48B8-B53B-18E92565708C,430,Bill,Perkins,Bill Perkins,6,Committee on Contracts,TRUE,3,Committee member,TRUE,2018-01-11 0:00:00,2021-12-31 0:00:00,AAAAAOV8hbo=,2018-01-11 19:41:30
3878,449DDCF4-C6A9-4386-B30E-FE289B18ED24,7639,Helen K.,Rosenthal,Helen K. Rosenthal,6,Committee on Contracts,TRUE,3,Committee member,TRUE,2018-01-11 0:00:00,2021-12-31 0:00:00,AAAAAOV8hb4=,2018-01-11 19:51:49
3879,7E337BB6-FEF6-4AC6-BE19-B0701ABADD8F,7749,Kalman,Yeger,Kalman Yeger,6,Committee on Contracts,TRUE,3,Committee member,TRUE,2018-01-11 0:00:00,2021-12-31 0:00:00,AAAAAOV8hcI=,2018-01-11 19:52:23
4235,BCADA8F5-2F48-4380-BF5D-1AFA2FC9D892,7632,Ben,Kallos,Ben Kallos,6,Committee on Contracts,TRUE,1,Chairperson,TRUE,2019-04-10 0:00:00,2021-12-31 0:00:00,AAAAAOXMuAs=,2019-04-09 18:03:11
3890,B71DFAC6-5634-4D42-9988-01337EC86B4D,7642,Paul A.,Vallone,Paul A. Vallone,7,Committee on Economic Development,TRUE,1,Chairperson,TRUE,2018-01-11 0:00:00,2021-12-31 0:00:00,AAAAAOV8iUs=,2018-01-11 20:16:10
3891,876F59D7-C750-41A3-9326-509897081B63,7739,Adrienne,Adams,Adrienne E. Adams,7,Committee on Economic Development,TRUE,3,Committee member,FALSE,2018-01-11 0:00:00,2019-04-09 0:00:00,AAAAAOXMjnI=,2018-01-11 20:16:36
3892,854A1732-CC50-4D06-ACE4-A7B083663E5F,7623,Inez D.,Barron,Inez D. Barron,7,Committee on Economic Development,TRUE,3,Committee member,TRUE,2018-01-11 0:00:00,2021-12-31 0:00:00,AAAAAOV8iVM=,2018-01-11 20:16:59
3893,1B490EB0-625E-4643-9F26-DA6915707B6E,7604,Robert E.,"Cornegy, Jr.","Robert E. Cornegy, Jr.",7,Committee on Economic Development,TRUE,3,Committee member,TRUE,2018-01-11 0:00:00,2021-12-31 0:00:00,AAAAAOV8iVc=,2018-01-11 20:17:23
3894,B3814381-B8A3-4705-A3AD-EF86E01DCF14,7565,Peter A.,Koo,Peter A. Koo,7,Committee on Economic Development,TRUE,3,Committee member,TRUE,2018-01-11 0:00:00,2021-12-31 0:00:00,AAAAAOV8iVs=,2018-01-11 20:17:47
3895,9080E667-A1DD-4A58-AE73-CF0DB5CCA45B,7566,Brad S.,Lander,Brad S. Lander,7,Committee on Economic Development,TRUE,3,Council member,TRUE,2018-01-11 0:00:00,2021-12-31 0:00:00,AAAAAOV8iV8=,2018-01-11 20:18:21
3896,4209FCE7-EBCF-4771-AF1F-149DE004E320,7634,Mark,Levine,Mark Levine,7,Committee on Economic Development,TRUE,3,Committee member,FALSE,2018-01-11 0:00:00,2019-04-09 0:00:00,AAAAAOXMjnQ=,2018-01-11 20:18:51
3897,4685A762-2569-4280-A702-96D3189CBD02,7636,Carlos,Menchaca,Carlos Menchaca,7,Committee on Economic Development,TRUE,3,Committee member,TRUE,2018-01-11 0:00:00,2021-12-31 0:00:00,AAAAAOV8iWc=,2018-01-11 20:19:51
3898,9E0389B7-F9A4-455E-B512-9F0A84A06A2A,7741,Keith,Powers,Keith Powers,7,Committee on Economic Development,TRUE,3,Committee member,TRUE,2018-01-11 0:00:00,2021-12-31 0:00:00,AAAAAOV8iWs=,2018-01-11 20:20:18
3899,C7078A5E-03F7-470C-A5C8-953890A1FCE7,7617,Donovan J.,Richards,Donovan J. Richards,7,Committee on Economic Development,TRUE,3,Committee member,FALSE,2018-01-11 0:00:00,2019-04-09 0:00:00,AAAAAOXMjnY=,2018-01-11 20:20:43
3900,E62789D1-8207-490F-B8B6-58DBA3DB287C,7740,Carlina,Rivera,Carlina Rivera,7,Committee on Economic Development,TRUE,3,Committee member,FALSE,2018-01-11 0:00:00,2019-06-12 0:00:00,AAAAAOXXEwU=,2018-01-11 20:21:07
3901,E3EF127C-8753-4201-AD19-11A8131CD013,7639,Helen K.,Rosenthal,Helen K. Rosenthal,7,Committee on Economic Development,TRUE,3,Committee member,FALSE,2018-01-11 0:00:00,2019-04-09 0:00:00,AAAAAOXMjos=,2018-01-11 20:21:37
3902,D23BBEC6-0479-4CA9-ACA6-F37848B412A8,7571,Jumaane D.,Williams,Jumaane D. Williams,7,Committee on Economic Development,TRUE,3,Committee member,FALSE,2018-01-11 0:00:00,2019-03-19 0:00:00,AAAAAOXI/FI=,2018-01-11 20:22:04
4238,D29CB2B8-B204-405B-8F53-01FF629024F0,7743,Mark,Gjonaj,Mark Gjonaj,7,Committee on Economic Development,TRUE,3,Council member,TRUE,2019-04-10 0:00:00,2021-12-31 0:00:00,AAAAAOXMjo0=,2019-04-09 18:14:02
4262,7A752D25-83B3-4561-AAD3-F4C12AE83450,7785,Farah,Louis,Farah N. Louis,7,Committee on Economic Development,TRUE,3,Committee member,TRUE,2019-06-13 0:00:00,2021-12-31 0:00:00,AAAAAOXXEwE=,2019-06-13 17:57:06
3903,8B93DD35-12B7-46A3-A145-82272559CC5C,7641,Mark,Treyger,Mark Treyger,9,Committee on Education,TRUE,1,Chairperson,TRUE,2018-01-11 0:00:00,2021-12-31 0:00:00,AAAAAOV8icE=,2018-01-11 20:35:04
3904,1A407AE5-08D7-4BA4-A925-5D101CAF4BA9,7747,Alicka,Ampry-Samuel,Alicka Ampry-Samuel,9,Committee on Education,TRUE,3,Committee member,TRUE,2018-01-11 0:00:00,2021-12-31 0:00:00,AAAAAOV8icU=,2018-01-11 20:35:29
3905,7E16E8C0-7146-42CB-BACB-9A38C643DB08,7623,Inez D.,Barron,Inez D. Barron,9,Committee on Education,TRUE,3,Committee member,TRUE,2018-01-11 0:00:00,2021-12-31 0:00:00,AAAAAOV8ick=,2018-01-11 20:35:54
3906,1E7C1777-0938-4F13-971D-E65EB0D7F5A3,7264,Joseph,Borelli,Joseph C. Borelli,9,Committee on Education,TRUE,3,Committee member,TRUE,2018-01-11 0:00:00,2021-12-31 0:00:00,AAAAAOV8ic0=,2018-01-11 20:36:20
3907,392B9236-5D36-4ECB-AA43-FFE291625978,7748,Justin L.,Brannan,Justin L. Brannan,9,Committee on Education,TRUE,3,Committee member,TRUE,2018-01-11 0:00:00,2021-12-31 0:00:00,AAAAAOV8idE=,2018-01-11 20:36:42
3908,453AAF52-30A2-4E3D-B1DE-1C5DEED9213B,7624,Andrew,Cohen,Andrew Cohen,9,Committee on Education,TRUE,3,Committee member,FALSE,2018-01-11 0:00:00,2019-04-09 0:00:00,AAAAAOXMjp0=,2018-01-11 20:37:12
3909,B6E0D428-9FB4-4DB5-9DE7-BD6E0784F085,7604,Robert E.,"Cornegy, Jr.","Robert E. Cornegy, Jr.",9,Committee on Education,TRUE,3,Committee member,TRUE,2018-01-11 0:00:00,2021-12-31 0:00:00,AAAAAOV8idk=,2018-01-11 20:37:49
3910,1D260067-C4F1-49DF-8FD8-FF15155602B9,7629,Chaim M.,Deutsch,Chaim M. Deutsch,9,Committee on Education,TRUE,3,Committee member,FALSE,2018-01-11 0:00:00,2019-04-09 0:00:00,AAAAAOXMjps=,2018-01-11 20:38:10
3911,1DFCE0B7-A61E-425F-A42D-9F47A16F1721,7563,Daniel,Dromm,Daniel Dromm,9,Committee on Education,TRUE,3,Committee member,TRUE,2018-01-11 0:00:00,2021-12-31 0:00:00,AAAAAOV8ieE=,2018-01-11 20:38:31
3912,DFF975D1-90D5-4D21-AC3A-2066DD98FD58,7691,Barry,Grodenchik,Barry S. Grodenchik,9,Committee on Education,TRUE,3,Committee member,TRUE,2018-01-11 0:00:00,2021-12-31 0:00:00,AAAAAOV8ieU=,2018-01-11 20:39:02
3913,E32CFC58-7027-4ED1-B14D-7D6F38D0C7A5,7632,Ben,Kallos,Ben Kallos,9,Committee on Education,TRUE,3,Committee member,TRUE,2018-01-11 0:00:00,2021-12-31 0:00:00,AAAAAOV8iek=,2018-01-11 20:39:28
3914,BDA0BCF4-8187-4473-87EB-975B91A173C8,7613,Andy L.,King,Andy L. King,9,Committee on Education,TRUE,3,Committee member,FALSE,2018-01-11 0:00:00,2019-10-29 0:00:00,AAAAAOXsA/8=,2018-01-11 20:39:57
3915,DC6EB458-A959-408A-83C8-C26D931EB4D7,7566,Brad S.,Lander,Brad S. Lander,9,Committee on Education,TRUE,3,Committee member,TRUE,2018-01-11 0:00:00,2021-12-31 0:00:00,AAAAAOV8ifE=,2018-01-11 20:40:24
3916,776A763E-5E4B-41E1-95D3-35363BA2E3B4,7567,Stephen T.,Levin,Stephen T. Levin,9,Committee on Education,TRUE,3,Committee member,TRUE,2018-01-11 0:00:00,2021-12-31 0:00:00,AAAAAOV8ifU=,2018-01-11 20:40:58
3917,DAD8DFF0-603B-4B48-B988-EE836F9B547E,7634,Mark,Levine,Mark Levine,9,Committee on Education,TRUE,3,Committee member,TRUE,2018-01-11 0:00:00,2021-12-31 0:00:00,AAAAAOV8ifk=,2018-01-11 20:41:21
3918,AFC0218F-0E1D-49C0-A086-1478F5B4ACC5,7541,Ydanis A.,Rodriguez,Ydanis A. Rodriguez,9,Committee on Education,TRUE,3,Committee member,TRUE,2018-01-11 0:00:00,2021-12-31 0:00:00,AAAAAOV8if0=,2018-01-11 20:41:54
3919,1AAC692D-E123-4CDF-A018-1B17AED74173,7568,Deborah L.,Rose,Deborah L. Rose,9,Committee on Education,TRUE,3,Committee member,TRUE,2018-01-11 0:00:00,2021-12-31 0:00:00,AAAAAOV8igI=,2018-01-11 20:42:29
3920,F8457880-9D55-43E6-86FB-80F95FC919B3,7714,Rafael,"Salamanca, Jr.","Rafael Salamanca, Jr.",9,Committee on Education,TRUE,3,Committee member,TRUE,2018-01-11 0:00:00,2021-12-31 0:00:00,AAAAAOV8igY=,2018-01-11 20:43:01
3921,C8030AF5-32E8-4DE0-B223-B91EC7F66CA7,7510,Eric A.,Ulrich,Eric A. Ulrich,9,Committee on Education,TRUE,3,Committee member,TRUE,2018-01-11 0:00:00,2021-12-31 0:00:00,AAAAAOV8igo=,2018-01-11 20:43:27
4263,717ACFE8-4749-4482-ABAD-D298088EBC24,7785,Farah,Louis,Farah N. Louis,9,Committee on Education,TRUE,3,Committee member,TRUE,2019-06-13 0:00:00,2021-12-31 0:00:00,AAAAAOXXE1A=,2019-06-13 18:00:08
4295,CF270EB1-C7F1-47E9-8413-DE116762D2E9,7637,I. Daneek,Miller,I. Daneek Miller,9,Committee on Education,TRUE,3,Committee member,TRUE,2019-10-30 0:00:00,2021-12-31 0:00:00,AAAAAOXsBAY=,2019-10-30 17:26:36
3922,83430E59-D2F3-448C-BF32-364129BFADC7,7627,Costa G.,Constantinides,Costa G. Constantinides,10,Committee on Environmental Protection,TRUE,1,Chairperson,TRUE,2018-01-11 0:00:00,2021-12-31 0:00:00,AAAAAOV8ihw=,2018-01-11 20:48:32
3923,42859BAC-71BD-43E9-AA4A-3054A333194D,7630,Rafael L.,"Espinal, Jr.","Rafael L. Espinal, Jr.",10,Committee on Environmental Protection,TRUE,3,Committee member,TRUE,2018-01-11 0:00:00,2021-12-31 0:00:00,AAAAAOV8iiA=,2018-01-11 20:49:05
3924,52568621-CB21-48DB-91BB-4F87B18C08B7,7567,Stephen T.,Levin,Stephen T. Levin,10,Committee on Environmental Protection,TRUE,3,Council member,TRUE,2018-01-11 0:00:00,2021-12-31 0:00:00,AAAAAOV8iiQ=,2018-01-11 20:49:36
3925,EC79EC11-8899-4C00-9DB9-5138D9AA3A25,7636,Carlos,Menchaca,Carlos Menchaca,10,Committee on Environmental Protection,TRUE,3,Committee member,TRUE,2018-01-11 0:00:00,2021-12-31 0:00:00,AAAAAOV8iig=,2018-01-11 20:50:04
3926,BF5643CA-2F63-4093-96D8-F0C453922E97,7617,Donovan J.,Richards,Donovan J. Richards,10,Committee on Environmental Protection,TRUE,3,Committee member,TRUE,2018-01-11 0:00:00,2021-12-31 0:00:00,AAAAAOV8iiw=,2018-01-11 20:50:27
3927,40037E21-F5A0-4D9E-98D5-EB76D22BE682,7510,Eric A.,Ulrich,Eric A. Ulrich,10,Committee on Environmental Protection,TRUE,3,Committee member,TRUE,2018-01-11 0:00:00,2021-12-31 0:00:00,AAAAAOV8ijA=,2018-01-11 20:50:52
3928,65DF0A03-EF0F-45F0-9573-F28A2500EBA5,7749,Kalman,Yeger,Kalman Yeger,10,Committee on Environmental Protection,TRUE,3,Committee member,TRUE,2018-01-11 0:00:00,2021-12-31 0:00:00,AAAAAOV8ijQ=,2018-01-11 20:51:19
3929,45A187DE-05FE-47F2-A31C-8861BFA5DC1A,7563,Daniel,Dromm,Daniel Dromm,11,Committee on Finance,TRUE,3,Chairperson,TRUE,2018-01-11 0:00:00,2021-12-31 0:00:00,AAAAAOV8ij8=,2018-01-11 20:56:56
3930,3A43B989-756C-4C4A-9A57-B04D84CAB1AE,7739,Adrienne,Adams,Adrienne E. Adams,11,Committee on Finance,TRUE,3,Committee member,TRUE,2018-01-11 0:00:00,2021-12-31 0:00:00,AAAAAOV8ikM=,2018-01-11 20:57:24
3931,055DAC4F-C1FC-4E5A-B646-F315DA0A1EEE,7624,Andrew,Cohen,Andrew Cohen,11,Committee on Finance,TRUE,3,Committee member,FALSE,2018-01-11 0:00:00,2019-06-13 0:00:00,AAAAAOXXE1o=,2018-01-11 20:57:51
3932,A6636DD6-BD68-458E-98FF-76D6E0F2F42B,7604,Robert E.,"Cornegy, Jr.","Robert E. Cornegy, Jr.",11,Committee on Finance,TRUE,3,Committee member,TRUE,2018-01-11 0:00:00,2021-12-31 0:00:00,AAAAAOV8iks=,2018-01-11 20:58:18
3933,80E366FB-3050-411E-83A9-64671A3BC43A,7628,Laurie A.,Cumbo,Laurie A. Cumbo,11,Committee on Finance,TRUE,3,Committee member,TRUE,2018-01-11 0:00:00,2021-12-31 0:00:00,AAAAAOV8ik8=,2018-01-11 20:58:47
3934,75B73D30-A911-432A-89E7-F4A8CFD1ADAC,7622,Vanessa L.,Gibson,Vanessa L. Gibson,11,Committee on Finance,TRUE,3,Committee member,TRUE,2018-01-11 0:00:00,2021-12-31 0:00:00,AAAAAOV8ilM=,2018-01-11 20:59:13
3935,A3D04631-091B-46DD-B166-6BCAE71FDD81,7691,Barry,Grodenchik,Barry S. Grodenchik,11,Committee on Finance,TRUE,3,Committee member,TRUE,2018-01-11 0:00:00,2021-12-31 0:00:00,AAAAAOV8ilc=,2018-01-11 20:59:39
3936,8A95388C-4B44-48B3-9738-0BB1A03D7EB8,7633,Rory I.,Lancman,Rory I. Lancman,11,Committee on Finance,TRUE,3,Committee member,TRUE,2018-01-11 0:00:00,2021-12-31 0:00:00,AAAAAOV8ils=,2018-01-11 21:00:07
3937,833B1570-B141-4F3B-8EB2-9394048994D6,5953,Steven,Matteo,Steven Matteo,11,Committee on Finance,TRUE,3,Committee member,TRUE,2018-01-11 0:00:00,2021-12-31 0:00:00,AAAAAOV8il8=,2018-01-11 21:00:32
3938,C9B43078-4E98-4D08-AFB0-CC2585190F67,7745,Francisco P.,Moya,Francisco P. Moya,11,Committee on Finance,TRUE,3,Committee member,TRUE,2018-01-11 0:00:00,2021-12-31 0:00:00,AAAAAOV8imM=,2018-01-11 21:01:04
3939,1AD471E5-B9AA-417F-9149-40F710A422F9,7741,Keith,Powers,Keith Powers,11,Committee on Finance,TRUE,3,Committee member,TRUE,2018-01-11 0:00:00,2021-12-31 0:00:00,AAAAAOV8imc=,2018-01-11 21:01:28
3940,16919B21-9264-4C8E-8548-94815E6B4CA0,7639,Helen K.,Rosenthal,Helen K. Rosenthal,11,Committee on Finance,TRUE,3,Committee member,TRUE,2018-01-11 0:00:00,2021-12-31 0:00:00,AAAAAOV8ims=,2018-01-11 21:01:57
3941,CF989023-8C9E-4D28-904D-D2946BC7949E,7569,James G.,Van Bramer,James G. Van Bramer,11,Committee on Finance,TRUE,3,Committee member,TRUE,2018-01-11 0:00:00,2021-12-31 0:00:00,AAAAAOV8im8=,2018-01-11 21:02:23
4258,9A87B226-EDE2-4E44-A21B-5260C9BEAF8B,7743,Mark,Gjonaj,Mark Gjonaj,11,Committee on Finance,TRUE,3,Committee member,TRUE,2019-04-09 0:00:00,2021-12-31 0:00:00,AAAAAOXPrSM=,2019-05-02 20:33:49
4264,B8756F21-E276-42A9-8904-ECC4854CFB0C,7785,Farah,Louis,Farah N. Louis,11,Committee on Finance,TRUE,3,Council member,TRUE,2019-06-13 0:00:00,2021-12-31 0:00:00,AAAAAOXXE1w=,2019-06-13 18:03:02
4296,4A79B511-58B0-4662-845C-0FC53C4111F1,386,Karen,Koslowitz,Karen Koslowitz,11,Committee on Finance,TRUE,3,Committee member,TRUE,2019-10-30 0:00:00,2021-12-31 0:00:00,AAAAAOXsBCA=,2019-10-30 17:31:31
3954,D16F10FE-0008-49FB-ADB2-41D27FADDAEC,7567,Stephen T.,Levin,Stephen T. Levin,12,Committee on General Welfare,TRUE,1,Chairperson,TRUE,2018-01-11 0:00:00,2021-12-31 0:00:00,AAAAAOV8iuM=,2018-01-11 21:22:39
3955,39BB45D9-4E0B-49EE-949B-5C541F057EEC,7739,Adrienne,Adams,Adrienne E. Adams,12,Committee on General Welfare,TRUE,3,Committee member,FALSE,2018-01-11 0:00:00,2019-06-13 0:00:00,AAAAAOXXE2Y=,2018-01-11 21:23:06
3956,ED83645F-8201-4482-8985-ED72A434CDD2,7742,Diana,Ayala,Diana Ayala,12,Committee on General Welfare,TRUE,3,Committee member,FALSE,2018-01-11 0:00:00,2019-04-09 0:00:00,AAAAAOXMjss=,2018-01-11 21:23:29
3957,C2590DDD-AB6D-4251-8C21-E9B5C3BDC286,7622,Vanessa L.,Gibson,Vanessa L. Gibson,12,Committee on General Welfare,TRUE,3,Committee member,TRUE,2018-01-11 0:00:00,2021-12-31 0:00:00,AAAAAOV8iu8=,2018-01-11 21:23:51
3958,9B56E25B-F26E-41CE-BC88-26F56A83AF10,7743,Mark,Gjonaj,Mark Gjonaj,12,Committee on General Welfare,TRUE,3,Committee member,FALSE,2018-01-11 0:00:00,2019-04-09 0:00:00,AAAAAOXMjs0=,2018-01-11 21:24:18
3959,2864A144-FAB4-4E8C-8DEF-5CD98F9B9E65,7691,Barry,Grodenchik,Barry S. Grodenchik,12,Committee on General Welfare,TRUE,3,Committee member,TRUE,2018-01-11 0:00:00,2021-12-31 0:00:00,AAAAAOV8ivc=,2018-01-11 21:24:44
3960,207043A1-F22E-4219-839A-F8E04EAECF16,7566,Brad S.,Lander,Brad S. Lander,12,Committee on General Welfare,TRUE,3,Committee member,TRUE,2018-01-11 0:00:00,2021-12-31 0:00:00,AAAAAOV8ivs=,2018-01-11 21:25:10
3961,45DEFC1E-45ED-42C6-B2B5-2A8262648D40,7638,Antonio,Reynoso,Antonio Reynoso,12,Committee on General Welfare,TRUE,3,Committee member,TRUE,2018-01-11 0:00:00,2021-12-31 0:00:00,AAAAAOV8iv8=,2018-01-11 21:25:39
3962,7471D607-9F73-43C2-9DDE-D004157AE4A3,7714,Rafael,"Salamanca, Jr.","Rafael Salamanca, Jr.",12,Committee on General Welfare,TRUE,3,Committee member,TRUE,2018-01-11 0:00:00,2021-12-31 0:00:00,AAAAAOV8iwM=,2018-01-11 21:26:04
3963,BA21B287-C901-4968-90A7-22DF3183BB6E,7640,Ritchie J.,Torres,Ritchie J. Torres,12,Committee on General Welfare,TRUE,3,Committee member,TRUE,2018-01-11 0:00:00,2021-12-31 0:00:00,AAAAAOV8iwc=,2018-01-11 21:26:38
3964,FDBE6823-00C2-45F3-8945-74BF8A6BB2D8,7641,Mark,Treyger,Mark Treyger,12,Committee on General Welfare,TRUE,3,Committee member,TRUE,2018-01-11 0:00:00,2021-12-31 0:00:00,AAAAAOV8iws=,2018-01-11 21:27:02
4297,D9B40BEA-10C5-4ECF-A98A-9ECE27AD5237,7746,Robert F.,Holden,Robert F. Holden,12,Committee on General Welfare,TRUE,3,Committee member,TRUE,2019-10-30 0:00:00,2021-12-31 0:00:00,AAAAAOXsBC0=,2019-10-30 17:34:42
3965,040AC42F-210B-4599-BF1B-0AF9162D558F,7561,Fernando,Cabrera,Fernando Cabrera,13,Committee on Governmental Operations,TRUE,1,Chairperson,TRUE,2018-01-11 0:00:00,2021-12-31 0:00:00,AAAAAOV8ix0=,2018-01-11 21:31:15
3966,CDEE1C67-C1DF-4FF5-BEFA-BA68B3822ED4,7632,Ben,Kallos,Ben Kallos,13,Committee on Governmental Operations,TRUE,3,Committee member,TRUE,2018-01-11 0:00:00,2021-12-31 0:00:00,AAAAAOV8iyE=,2018-01-11 21:31:39
3967,0AE42244-6227-4499-BBF9-43195B4A5709,7635,Alan N.,Maisel,Alan N. Maisel,13,Committee on Governmental Operations,TRUE,3,Committee member,TRUE,2018-01-11 0:00:00,2021-12-31 0:00:00,AAAAAOV8iyU=,2018-01-11 21:32:06
3968,78ADBE01-A3A6-4C77-9541-4C26806C14F8,430,Bill,Perkins,Bill Perkins,13,Committee on Governmental Operations,TRUE,3,Committee member,TRUE,2018-01-11 0:00:00,2021-12-31 0:00:00,AAAAAOV8iyk=,2018-01-11 21:32:31
3969,1A0536B8-8FBB-4811-B7EA-956EE9A55989,7741,Keith,Powers,Keith Powers,13,Committee on Governmental Operations,TRUE,3,Committee member,TRUE,2018-01-11 0:00:00,2021-12-31 0:00:00,AAAAAOV8iy0=,2018-01-11 21:32:54
3970,B5D943B8-E0FD-4547-B42F-8DED0EC0D4E1,7541,Ydanis A.,Rodriguez,Ydanis A. Rodriguez,13,Committee on Governmental Operations,TRUE,3,Committee member,TRUE,2018-01-11 0:00:00,2021-12-31 0:00:00,AAAAAOV8izE=,2018-01-11 21:33:14
3971,AF2D586E-76DF-4FE4-A607-90D44DA4048D,7749,Kalman,Yeger,Kalman Yeger,13,Committee on Governmental Operations,TRUE,3,Committee member,TRUE,2018-01-11 0:00:00,2021-12-31 0:00:00,AAAAAOV8izU=,2018-01-11 21:33:38
3972,C3EADEED-6780-4388-A098-865F42B30A40,7634,Mark,Levine,Mark Levine,14,Committee on Health,TRUE,1,Chairperson,TRUE,2018-01-11 0:00:00,2021-12-31 0:00:00,AAAAAOV8i0A=,2018-01-11 21:37:16
3973,ECC00A11-F634-4BBE-B377-5949318BFB42,7747,Alicka,Ampry-Samuel,Alicka Ampry-Samuel,14,Committee on Health,TRUE,3,Committee member,TRUE,2018-01-11 0:00:00,2021-12-31 0:00:00,AAAAAOV8i0Q=,2018-01-11 21:37:38
3974,AC1DF408-EFEB-4D3B-8BB6-3AD4CCBE03AB,7623,Inez D.,Barron,Inez D. Barron,14,Committee on Health,TRUE,3,Committee member,TRUE,2018-01-11 0:00:00,2021-12-31 0:00:00,AAAAAOV8i0g=,2018-01-11 21:37:56
3975,D5AA0A4E-3E90-4E90-9900-44276FE90C89,7113,Mathieu,Eugene,Mathieu Eugene,14,Committee on Health,TRUE,3,Committee member,TRUE,2018-01-11 0:00:00,2021-12-31 0:00:00,AAAAAOV8i0w=,2018-01-11 21:38:20
3976,66EB46C9-CDE0-4724-B6A3-713919245268,7741,Keith,Powers,Keith Powers,14,Committee on Health,TRUE,3,Committee member,TRUE,2018-01-11 0:00:00,2021-12-31 0:00:00,AAAAAOV8i1A=,2018-01-11 21:38:50
4227,30BD98C0-0115-4EBB-A213-0EBC539DE37C,7624,Andrew,Cohen,Andrew Cohen,14,Committee on Health,TRUE,3,Committee member,TRUE,2019-04-10 0:00:00,2021-12-31 0:00:00,AAAAAOXMiwU=,2019-04-09 17:27:30
4228,30443767-638A-4B7D-BE58-F587272708A3,7746,Robert F.,Holden,Robert F. Holden,14,Committee on Health,TRUE,3,Committee member,TRUE,2019-04-10 0:00:00,2021-12-31 0:00:00,AAAAAOXMiwc=,2019-04-09 17:28:07
3979,E17CC47F-1620-49B2-9260-35C20F24A20E,7623,Inez D.,Barron,Inez D. Barron,15,Committee on Higher Education,TRUE,1,Chairperson,TRUE,2018-01-11 0:00:00,2021-12-31 0:00:00,AAAAAOV8jp8=,2018-01-11 22:00:23
3980,AE8EE48A-9399-4466-8967-BB3B219593BF,7628,Laurie A.,Cumbo,Laurie A. Cumbo,15,Committee on Higher Education,TRUE,3,Committee member,TRUE,2018-01-11 0:00:00,2021-12-31 0:00:00,AAAAAOV8jrw=,2018-01-11 22:00:52
3981,2225BD0A-0213-42D6-A0FD-E4A2F24C3CD7,7746,Robert F.,Holden,Robert F. Holden,15,Committee on Higher Education,TRUE,3,Committee member,FALSE,2018-01-11 0:00:00,2019-04-09 0:00:00,AAAAAOXMjug=,2018-01-11 22:01:22
3982,111BC82E-F03D-4C58-B861-0E17C9502FC9,7632,Ben,Kallos,Ben Kallos,15,Committee on Higher Education,TRUE,3,Committee member,FALSE,2018-01-11 0:00:00,2019-04-09 0:00:00,AAAAAOXMjuo=,2018-01-11 22:01:46
3983,BFDB02F8-775A-4265-AD51-4007646693A2,7541,Ydanis A.,Rodriguez,Ydanis A. Rodriguez,15,Committee on Higher Education,TRUE,3,Committee member,TRUE,2018-01-11 0:00:00,2021-12-31 0:00:00,AAAAAOV8j0E=,2018-01-11 22:02:11
4240,9D5A2302-4820-48EF-9A72-BF314E213655,7613,Andy L.,King,Andy L. King,15,Committee on Higher Education,TRUE,3,Committee member,FALSE,2019-04-10 0:00:00,2019-06-13 0:00:00,AAAAAOXXE3I=,2019-04-09 18:34:37
4241,9DF5BD1A-2A89-4465-B0D8-8A49EE1B9C51,7635,Alan N.,Maisel,Alan N. Maisel,15,Committee on Higher Education,TRUE,3,Committee member,TRUE,2019-04-10 0:00:00,2021-12-31 0:00:00,AAAAAOXMjxE=,2019-04-09 18:35:17
4265,0B1D5A4A-454F-4DBD-8B78-E584AEF2DFCA,7510,Eric A.,Ulrich,Eric A. Ulrich,15,Committee on Higher Education,TRUE,3,Committee member,TRUE,2019-06-13 0:00:00,2021-12-31 0:00:00,AAAAAOXXFtw=,2019-06-13 18:07:11
3989,CCE42B93-4B54-4E12-ABFD-D090B42BB33E,7604,Robert E.,"Cornegy, Jr.","Robert E. Cornegy, Jr.",16,Committee on Housing and Buildings,TRUE,3,Chairperson,TRUE,2018-01-11 0:00:00,2021-12-31 0:00:00,AAAAAOV8kao=,2018-01-12 16:14:15
3990,7A381739-0A94-4FE9-8007-F08FCE21FAE3,7561,Fernando,Cabrera,Fernando Cabrera,16,Committee on Housing and Buildings,TRUE,3,Committee member,TRUE,2018-01-11 0:00:00,2021-12-31 0:00:00,AAAAAOV8ka4=,2018-01-12 16:14:40
3991,1C060E7F-2E6C-4802-B695-BAB6734088D3,7562,Margaret S.,Chin,Margaret S. Chin,16,Committee on Housing and Buildings,TRUE,3,Committee member,TRUE,2018-01-11 0:00:00,2021-12-31 0:00:00,AAAAAOV8kbI=,2018-01-12 16:15:05
3992,27A8DFEF-FD3F-4FDF-A858-EC23C880C8AB,7630,Rafael L.,"Espinal, Jr.","Rafael L. Espinal, Jr.",16,Committee on Housing and Buildings,TRUE,3,Committee member,TRUE,2018-01-11 0:00:00,2021-12-31 0:00:00,AAAAAOV8kbY=,2018-01-12 16:15:31
3993,49778A5B-5F2F-4987-82B5-A64ABA80129E,7743,Mark,Gjonaj,Mark Gjonaj,16,Committee on Housing and Buildings,TRUE,3,Committee member,TRUE,2018-01-11 0:00:00,2021-12-31 0:00:00,AAAAAOV8kbo=,2018-01-12 16:15:57
3994,CBE02DFC-1DC8-4A34-8EF7-AACC2C26FD19,7691,Barry,Grodenchik,Barry S. Grodenchik,16,Committee on Housing and Buildings,TRUE,3,Committee member,TRUE,2018-01-11 0:00:00,2021-12-31 0:00:00,AAAAAOV8kb4=,2018-01-12 16:16:22
3995,DB3DE19C-9A93-4CEB-890C-B29EF4B2CE21,430,Bill,Perkins,Bill Perkins,16,Committee on Housing and Buildings,TRUE,3,Committee member,TRUE,2018-01-11 0:00:00,2021-12-31 0:00:00,AAAAAOV8kcI=,2018-01-12 16:16:50
3996,F1D603CD-A83C-472C-B5B2-D5184F79E50F,7740,Carlina,Rivera,Carlina Rivera,16,Committee on Housing and Buildings,TRUE,3,Committee member,TRUE,2018-01-11 0:00:00,2021-12-31 0:00:00,AAAAAOV8kcY=,2018-01-12 16:17:12
3997,50FB4C86-C38D-4998-AA1D-016B38122E0F,7639,Helen K.,Rosenthal,Helen K. Rosenthal,16,Committee on Housing and Buildings,TRUE,3,Committee member,TRUE,2018-01-11 0:00:00,2021-12-31 0:00:00,AAAAAOV8kco=,2018-01-12 16:17:34
3998,7F6BEF61-F885-45CB-90C3-5915DBF96958,7640,Ritchie J.,Torres,Ritchie J. Torres,16,Committee on Housing and Buildings,TRUE,3,Committee member,TRUE,2018-01-11 0:00:00,2021-12-31 0:00:00,AAAAAOV8kc4=,2018-01-12 16:18:01
3999,C9DBAF6E-FBD8-4055-A2B2-2ED06B4EAC32,7571,Jumaane D.,Williams,Jumaane D. Williams,16,Committee on Housing and Buildings,TRUE,3,Committee member,FALSE,2018-01-11 0:00:00,2019-03-19 0:00:00,AAAAAOXI/FQ=,2018-01-12 16:19:28
4266,7EEA330F-11CB-40F2-8EBA-377AF82D4802,7785,Farah,Louis,Farah N. Louis,16,Committee on Housing and Buildings,TRUE,3,Committee member,TRUE,2019-06-13 0:00:00,2021-12-31 0:00:00,AAAAAOXXE5M=,2019-06-13 18:18:11
4019,45072DD4-716C-4CBB-8E39-647181C6BD90,7714,Rafael,"Salamanca, Jr.","Rafael Salamanca, Jr.",17,Committee on Land Use,TRUE,1,Chairperson,TRUE,2018-01-11 0:00:00,2021-12-31 0:00:00,AAAAAOV8kkg=,2018-01-12 16:42:42
4020,C2F29083-81CE-4606-A3AE-CE0CF4DF4107,7739,Adrienne,Adams,Adrienne E. Adams,17,Committee on Land Use,TRUE,3,Committee member,TRUE,2018-01-11 0:00:00,2021-12-31 0:00:00,AAAAAOV8kkw=,2018-01-12 16:43:06
4021,1028360E-EF80-46C6-B514-D0E1A7FD0408,7623,Inez D.,Barron,Inez D. Barron,17,Committee on Land Use,TRUE,3,Committee member,TRUE,2018-01-11 0:00:00,2021-12-31 0:00:00,AAAAAOV8klA=,2018-01-12 16:44:06
4022,453F8A2F-382E-43BD-97F3-85DF356F1531,7627,Costa G.,Constantinides,Costa G. Constantinides,17,Committee on Land Use,TRUE,3,Committee member,FALSE,2018-01-11 0:00:00,2019-06-13 0:00:00,AAAAAOXXE7s=,2018-01-12 16:44:59
4023,01F55685-8D59-4122-B35C-35B5E781ADDC,7629,Chaim M.,Deutsch,Chaim M. Deutsch,17,Committee on Land Use,TRUE,3,Committee member,TRUE,2018-01-11 0:00:00,2021-12-31 0:00:00,AAAAAOV8klg=,2018-01-12 16:45:20
4024,EC92958F-4C3B-4185-87A0-A381409B4012,7744,Ruben,"Diaz, Sr.","Ruben Diaz, Sr.",17,Committee on Land Use,TRUE,3,Committee member,TRUE,2018-01-11 0:00:00,2021-12-31 0:00:00,AAAAAOV8klw=,2018-01-12 16:45:45
4025,3FBB6167-1CEE-42F0-8B9D-4C8EB52F92D7,7622,Vanessa L.,Gibson,Vanessa L. Gibson,17,Committee on Land Use,TRUE,3,Committee member,TRUE,2018-01-11 0:00:00,2021-12-31 0:00:00,AAAAAOV8kmA=,2018-01-12 16:46:05
4026,D24947E1-19DE-491E-A1DD-13FB109FDFEE,7691,Barry,Grodenchik,Barry S. Grodenchik,17,Committee on Land Use,TRUE,3,Committee member,TRUE,2018-01-11 0:00:00,2021-12-31 0:00:00,AAAAAOV8kmU=,2018-01-12 16:46:28
4027,D071DCC0-6E94-4E5B-AE09-4603E88D56AC,7632,Ben,Kallos,Ben Kallos,17,Committee on Land Use,TRUE,3,Committee member,FALSE,2018-01-11 0:00:00,2019-04-09 0:00:00,AAAAAOXMtaU=,2018-01-12 16:46:47
4028,BA22C2FE-CDE7-448A-9757-825C99BF303A,7613,Andy L.,King,Andy L. King,17,Committee on Land Use,TRUE,3,Committee member,FALSE,2018-01-11 0:00:00,2019-10-29 0:00:00,AAAAAOXsAzo=,2018-01-12 16:47:09
4029,BB35EF83-DE05-49A9-A796-43168D762C63,7565,Peter A.,Koo,Peter A. Koo,17,Committee on Land Use,TRUE,3,Committee member,TRUE,2018-01-11 0:00:00,2021-12-31 0:00:00,AAAAAOV8knE=,2018-01-12 16:47:29
4030,56BA5E27-3595-44BC-B9FF-6A818D630394,7633,Rory I.,Lancman,Rory I. Lancman,17,Committee on Land Use,TRUE,3,Committee member,TRUE,2018-01-11 0:00:00,2021-12-31 0:00:00,AAAAAOV8knU=,2018-01-12 16:47:53
4031,CA065559-6211-47DB-B048-74C2C43F0FB6,7567,Stephen T.,Levin,Stephen T. Levin,17,Committee on Land Use,TRUE,3,Committee member,TRUE,2018-01-11 0:00:00,2021-12-31 0:00:00,AAAAAOV8knk=,2018-01-12 16:48:27
4032,13998CB8-0CF3-4CC2-BC7F-F986B2E2BF4C,7637,I. Daneek,Miller,I. Daneek Miller,17,Committee on Land Use,TRUE,3,Committee member,TRUE,2018-01-11 0:00:00,2021-12-31 0:00:00,AAAAAOV8kn0=,2018-01-12 16:48:47
4033,6FB55B77-20FC-4270-B930-10E7A5599F8E,7745,Francisco P.,Moya,Francisco P. Moya,17,Committee on Land Use,TRUE,3,Committee member,TRUE,2018-01-11 0:00:00,2021-12-31 0:00:00,AAAAAOV8koE=,2018-01-12 16:49:16
4034,8483859C-AF84-4646-8642-DFAEA280F136,7638,Antonio,Reynoso,Antonio Reynoso,17,Committee on Land Use,TRUE,3,Committee member,TRUE,2018-01-11 0:00:00,2021-12-31 0:00:00,AAAAAOV8koU=,2018-01-12 16:49:39
4035,4E03292B-D4E3-4D1D-A5DE-BD15EACB6498,7617,Donovan J.,Richards,Donovan J. Richards,17,Committee on Land Use,TRUE,3,Committee member,TRUE,2018-01-11 0:00:00,2021-12-31 0:00:00,AAAAAOV8kok=,2018-01-12 16:50:02
4036,5E05564E-5F8B-401C-9DB6-89012CDE571A,7740,Carlina,Rivera,Carlina Rivera,17,Committee on Land Use,TRUE,3,Committee member,TRUE,2018-01-11 0:00:00,2021-12-31 0:00:00,AAAAAOV8ko0=,2018-01-12 16:50:28
4037,CBD9AF59-6AD0-4A78-B1F2-D0573293ADFE,7640,Ritchie J.,Torres,Ritchie J. Torres,17,Committee on Land Use,TRUE,3,Committee member,FALSE,2018-01-11 0:00:00,2019-06-13 0:00:00,AAAAAOXXE7k=,2018-01-12 16:50:50
4038,00C0398E-9C1E-498D-A285-76E3A1E75B92,7641,Mark,Treyger,Mark Treyger,17,Committee on Land Use,TRUE,3,Committee member,TRUE,2018-01-11 0:00:00,2021-12-31 0:00:00,AAAAAOV8kpU=,2018-01-12 16:51:15
4073,62AC1A81-6167-4FDD-8460-1FCAE0AF71DD,7617,Donovan J.,Richards,Donovan J. Richards,19,Committee on Public Safety,TRUE,1,Chairperson,TRUE,2018-01-11 0:00:00,2021-12-31 0:00:00,AAAAAOV8k5E=,2018-01-12 17:49:07
4074,61BA6DC6-5BE7-4923-B0CD-4BB9C6EDD173,7748,Justin L.,Brannan,Justin L. Brannan,19,Committee on Public Safety,TRUE,3,Committee member,TRUE,2018-01-11 0:00:00,2021-12-31 0:00:00,AAAAAOV8k5U=,2018-01-12 17:49:28
4075,8BDE1CA9-A389-422B-A765-193BBD8EB56E,7561,Fernando,Cabrera,Fernando Cabrera,19,Committee on Public Safety,TRUE,3,Committee member,TRUE,2018-01-11 0:00:00,2021-12-31 0:00:00,AAAAAOV8k5k=,2018-01-12 17:49:49
4076,7F50583A-5A0B-42D6-B4C8-4C86C091FB1F,7624,Andrew,Cohen,Andrew Cohen,19,Committee on Public Safety,TRUE,3,Committee member,TRUE,2018-01-11 0:00:00,2021-12-31 0:00:00,AAAAAOV8k50=,2018-01-12 17:50:13
4077,1355C333-9001-45EC-8387-09DB132C9B68,7629,Chaim M.,Deutsch,Chaim M. Deutsch,19,Committee on Public Safety,TRUE,3,Committee member,TRUE,2018-01-11 0:00:00,2021-12-31 0:00:00,AAAAAOV8k6E=,2018-01-12 17:50:34
4078,F2CF93DC-DA17-46E6-8DEE-01433E7ED1C5,7622,Vanessa L.,Gibson,Vanessa L. Gibson,19,Committee on Public Safety,TRUE,3,Committee member,TRUE,2018-01-11 0:00:00,2021-12-31 0:00:00,AAAAAOV8k6U=,2018-01-12 17:50:55
4079,C9DF9F9E-14F4-4E5F-B0CA-D421F4051AFB,7633,Rory I.,Lancman,Rory I. Lancman,19,Committee on Public Safety,TRUE,3,Committee member,TRUE,2018-01-11 0:00:00,2021-12-31 0:00:00,AAAAAOV8k6k=,2018-01-12 17:51:18
4080,6C7E1619-4784-468C-B2E3-6C557392E3F8,7636,Carlos,Menchaca,Carlos Menchaca,19,Committee on Public Safety,TRUE,3,Committee member,TRUE,2018-01-11 0:00:00,2021-12-31 0:00:00,AAAAAOV8k60=,2018-01-12 17:51:51
4081,D81CE79C-8E48-49C5-BBBD-1A9BBD773E83,7637,I. Daneek,Miller,I. Daneek Miller,19,Committee on Public Safety,TRUE,3,Committee member,TRUE,2018-01-11 0:00:00,2021-12-31 0:00:00,AAAAAOV8k7E=,2018-01-12 17:52:15
4082,566FA66A-0081-4734-85FB-8A54E27C2639,7741,Keith,Powers,Keith Powers,19,Committee on Public Safety,TRUE,3,Committee member,TRUE,2018-01-11 0:00:00,2021-12-31 0:00:00,AAAAAOV8k7U=,2018-01-12 17:52:38
4083,69A77ED1-3889-42DB-9FEC-E39FC09B6DC0,7541,Ydanis A.,Rodriguez,Ydanis A. Rodriguez,19,Committee on Public Safety,TRUE,3,Committee member,TRUE,2018-01-11 0:00:00,2021-12-31 0:00:00,AAAAAOV8k7k=,2018-01-12 17:53:23
4084,7BB84A76-0F2E-4A81-B076-5C1477071893,7642,Paul A.,Vallone,Paul A. Vallone,19,Committee on Public Safety,TRUE,3,Committee member,TRUE,2018-01-11 0:00:00,2021-12-31 0:00:00,AAAAAOV8k70=,2018-01-12 17:53:44
4085,5381F017-A3AC-4CA7-829F-CD8C5805A795,7571,Jumaane D.,Williams,Jumaane D. Williams,19,Committee on Public Safety,TRUE,3,Committee member,FALSE,2018-01-11 0:00:00,2019-03-19 0:00:00,AAAAAOXI/Fg=,2018-01-12 17:54:04
4245,2C9F3597-4BF2-4C0C-BDD4-D414BD8C0732,7739,Adrienne,Adams,Adrienne E. Adams,19,Committee on Public Safety,TRUE,3,Committee member,TRUE,2019-04-10 0:00:00,2021-12-31 0:00:00,AAAAAOXMt0U=,2019-04-10 14:27:22
3836,61770D28-C6FC-4E48-B6BC-23EC5B9390F6,7633,Rory I.,Lancman,Rory I. Lancman,20,"Committee on Rules, Privileges and Elections",TRUE,1,Chairperson,FALSE,2018-01-03 0:00:00,2018-01-11 0:00:00,AAAAAOV8k9I=,2018-01-02 20:52:45
3837,6B215683-3B96-41C8-ACDC-E1F09317211C,7739,Adrienne,Adams,Adrienne E. Adams,20,"Committee on Rules, Privileges and Elections",TRUE,3,Committee member,FALSE,2018-01-03 0:00:00,2018-01-11 0:00:00,AAAAAOV8k9Y=,2018-01-02 20:54:32
3838,242B32D9-D670-4008-8783-0732834EC21E,7562,Margaret S.,Chin,Margaret S. Chin,20,"Committee on Rules, Privileges and Elections",TRUE,3,Committee member,TRUE,2018-01-03 0:00:00,2021-12-31 0:00:00,AAAAAOV7kxo=,2018-01-02 20:55:20
3839,091DE8F4-A9FA-4701-919D-122D048425C3,7604,Robert E.,"Cornegy, Jr.","Robert E. Cornegy, Jr.",20,"Committee on Rules, Privileges and Elections",TRUE,3,Committee member,FALSE,2018-01-03 0:00:00,2019-04-09 0:00:00,AAAAAOXMt08=,2018-01-02 20:55:54
3840,E1F30FEE-502E-4CDC-A020-10EE48E2FE5A,7630,Rafael L.,"Espinal, Jr.","Rafael L. Espinal, Jr.",20,"Committee on Rules, Privileges and Elections",TRUE,3,Committee member,TRUE,2018-01-03 0:00:00,2021-12-31 0:00:00,AAAAAOV7kxw=,2018-01-02 20:56:24
3841,B4A2D8B2-1B6E-45CF-B4B4-D55A88D3DED3,7622,Vanessa L.,Gibson,Vanessa L. Gibson,20,"Committee on Rules, Privileges and Elections",TRUE,3,Committee member,TRUE,2018-01-03 0:00:00,2021-12-31 0:00:00,AAAAAOV7kx0=,2018-01-02 20:56:55
3842,3A7FE829-9469-481D-A532-01ED2A47FCD8,7631,Corey D.,Johnson,Corey D. Johnson,20,"Committee on Rules, Privileges and Elections",TRUE,5,Committee member,TRUE,2018-01-03 0:00:00,2021-12-31 0:00:00,AAAAAOV8k9g=,2018-01-02 20:57:21
3843,172DCA31-F8E4-48C2-8563-89816DC9A9FF,386,Karen,Koslowitz,Karen Koslowitz,20,"Committee on Rules, Privileges and Elections",TRUE,3,Committee member,FALSE,2018-01-03 0:00:00,2018-01-11 0:00:00,AAAAAOV8k9o=,2018-01-02 20:57:53
3844,D769A0DC-E3B6-450C-AAD0-238D0C523D36,5953,Steven,Matteo,Steven Matteo,20,"Committee on Rules, Privileges and Elections",TRUE,3,Committee member,TRUE,2018-01-03 0:00:00,2021-12-31 0:00:00,AAAAAOV7kyA=,2018-01-02 20:58:28
3845,14BA6399-7E62-4615-B6DB-E5C778DE056E,7640,Ritchie J.,Torres,Ritchie J. Torres,20,"Committee on Rules, Privileges and Elections",TRUE,3,Committee member,TRUE,2018-01-03 0:00:00,2021-12-31 0:00:00,AAAAAOV7kyE=,2018-01-02 20:59:02
3846,8D705B09-024B-410F-A322-CCBAFF43430A,7641,Mark,Treyger,Mark Treyger,20,"Committee on Rules, Privileges and Elections",TRUE,3,Committee member,TRUE,2018-01-03 0:00:00,2021-12-31 0:00:00,AAAAAOV7kyI=,2018-01-02 20:59:59
4086,FD8EFF8E-C464-4671-9213-C4B65D4F7DCC,386,Karen,Koslowitz,Karen Koslowitz,20,"Committee on Rules, Privileges and Elections",TRUE,1,Chairperson,TRUE,2018-01-11 0:00:00,2021-12-31 0:00:00,AAAAAOV8k8w=,2018-01-12 17:56:56
4087,BEBDF858-F62C-4A1B-B40B-BC8F0C12846E,7739,Adrienne,Adams,Adrienne E. Adams,20,"Committee on Rules, Privileges and Elections",TRUE,3,Committee member,TRUE,2018-01-11 0:00:00,2021-12-31 0:00:00,AAAAAOV8k9w=,2018-01-12 18:01:48
4088,68A20FD3-323E-4192-86FA-15C50B18D2D0,7633,Rory I.,Lancman,Rory I. Lancman,20,"Committee on Rules, Privileges and Elections",TRUE,3,Committee member,TRUE,2018-01-11 0:00:00,2021-12-31 0:00:00,AAAAAOV8k+A=,2018-01-12 18:02:23
4246,38165C07-C11A-4819-9787-F73A16896D4A,7568,Deborah L.,Rose,Deborah L. Rose,20,"Committee on Rules, Privileges and Elections",TRUE,3,Committee member,TRUE,2019-04-10 0:00:00,2021-12-31 0:00:00,AAAAAOXMt1E=,2019-04-10 14:30:01
4099,9B32B35E-7031-4D00-A6C7-8D7E5D739904,5953,Steven,Matteo,Steven Matteo,21,Committee on Standards and Ethics,TRUE,1,Chairperson,TRUE,2018-01-11 0:00:00,2021-12-31 0:00:00,AAAAAOV8lDA=,2018-01-12 18:14:44
4100,D8472E91-5DE1-4BD1-942E-3A25DECABFDC,7562,Margaret S.,Chin,Margaret S. Chin,21,Committee on Standards and Ethics,TRUE,3,Committee member,TRUE,2018-01-11 0:00:00,2021-12-31 0:00:00,AAAAAOV8lDQ=,2018-01-12 18:15:08
4101,0E8EDD43-9937-4404-8C71-40C6CE3B476B,7622,Vanessa L.,Gibson,Vanessa L. Gibson,21,Committee on Standards and Ethics,TRUE,3,Committee member,TRUE,2018-01-11 0:00:00,2021-12-31 0:00:00,AAAAAOV8lDg=,2018-01-12 18:15:29
4102,8FDED9BC-20AF-46A2-A11E-DF2761FB5B24,386,Karen,Koslowitz,Karen Koslowitz,21,Committee on Standards and Ethics,TRUE,3,Committee member,TRUE,2018-01-11 0:00:00,2021-12-31 0:00:00,AAAAAOV8lDw=,2018-01-12 18:15:49
4103,1F2F35B5-E6C0-42DD-8B6C-68AC60AE8178,7567,Stephen T.,Levin,Stephen T. Levin,21,Committee on Standards and Ethics,TRUE,3,Committee member,TRUE,2018-01-11 0:00:00,2021-12-31 0:00:00,AAAAAOV8lEA=,2018-01-12 18:16:17
4104,29599A3B-F079-4523-A98F-D5660C500A90,7624,Andrew,Cohen,Andrew Cohen,22,Committee on State and Federal Legislation,TRUE,1,Chairperson,TRUE,2018-01-11 0:00:00,2021-12-31 0:00:00,AAAAAOV8lEs=,2018-01-12 18:18:48
4105,35192C30-E6B4-4596-97A2-C7B9FEC8BB51,7604,Robert E.,"Cornegy, Jr.","Robert E. Cornegy, Jr.",22,Committee on State and Federal Legislation,TRUE,3,Committee member,TRUE,2018-01-11 0:00:00,2021-12-31 0:00:00,AAAAAOV8lE8=,2018-01-12 18:19:09
4106,2A8F8A42-AD01-4580-A6BC-D3F0649C38C6,7630,Rafael L.,"Espinal, Jr.","Rafael L. Espinal, Jr.",22,Committee on State and Federal Legislation,TRUE,3,Committee member,TRUE,2018-01-11 0:00:00,2021-12-31 0:00:00,AAAAAOV8lFM=,2018-01-12 18:19:33
4107,3A79BEB4-AF81-4B34-B9EE-B02431383A2B,386,Karen,Koslowitz,Karen Koslowitz,22,Committee on State and Federal Legislation,TRUE,3,Committee member,TRUE,2018-01-11 0:00:00,2021-12-31 0:00:00,AAAAAOV8lFc=,2018-01-12 18:19:56
4108,42F87C5D-9F13-47CF-A30A-35AC187E2FE7,7541,Ydanis A.,Rodriguez,Ydanis A. Rodriguez,22,Committee on State and Federal Legislation,TRUE,3,Committee member,FALSE,2018-01-11 0:00:00,2019-06-13 0:00:00,AAAAAOXXFFU=,2018-01-12 18:20:19
4275,00F95677-6173-4C43-9B32-77ADBD2141B1,7613,Andy L.,King,Andy L. King,22,Committee on State and Federal Legislation,TRUE,3,Committee member,FALSE,2019-06-13 0:00:00,2019-10-29 0:00:00,AAAAAOXsBgc=,2019-06-13 18:48:42
4300,18BC9A3C-11E1-4B26-A202-5354FC392471,7563,Daniel,Dromm,Daniel Dromm,22,Committee on State and Federal Legislation,TRUE,3,Committee member,TRUE,2019-10-30 0:00:00,2021-12-31 0:00:00,AAAAAOXsBgM=,2019-10-30 18:14:03
4139,AD34FEAC-9BCA-4CEE-863A-8D804970A189,7568,Deborah L.,Rose,Deborah L. Rose,24,Committee on Youth Services,TRUE,1,Chairperson,TRUE,2018-01-11 0:00:00,2021-12-31 0:00:00,AAAAAOV8lSY=,2018-01-12 18:45:55
4140,E5458191-6C90-4F50-9980-CE9296EFB293,7748,Justin L.,Brannan,Justin L. Brannan,24,Committee on Youth Services,TRUE,3,Committee member,FALSE,2018-01-11 0:00:00,2019-06-13 0:00:00,AAAAAOXXFIg=,2018-01-12 18:46:20
4141,28847801-67C9-43CA-B3F0-73825A127CF3,7562,Margaret S.,Chin,Margaret S. Chin,24,Committee on Youth Services,TRUE,3,Committee member,TRUE,2018-01-11 0:00:00,2021-12-31 0:00:00,AAAAAOV8lS4=,2018-01-12 18:46:41
4142,38CA2A46-CB2B-4755-844F-E26190E0BC47,7113,Mathieu,Eugene,Mathieu Eugene,24,Committee on Youth Services,TRUE,3,Committee member,TRUE,2018-01-11 0:00:00,2021-12-31 0:00:00,AAAAAOV8lTI=,2018-01-12 18:47:03
4143,D3A5634A-831E-4F73-A7E8-147B83371171,7613,Andy L.,King,Andy L. King,24,Committee on Youth Services,TRUE,3,Committee member,FALSE,2018-01-11 0:00:00,2019-10-29 0:00:00,AAAAAOXsBqw=,2018-01-12 18:47:26
4280,0E31B9B4-59E1-432F-9A72-1C4BCCAC27E2,7785,Farah,Louis,Farah N. Louis,24,Committee on Youth Services,TRUE,3,Committee member,TRUE,2019-06-13 0:00:00,2021-12-31 0:00:00,AAAAAOXXFIo=,2019-06-13 18:57:12
4302,AB09DA2D-B801-43BB-9301-77D2FF413DDD,430,Bill,Perkins,Bill Perkins,24,Committee on Youth Services,TRUE,3,Committee member,TRUE,2019-10-30 0:00:00,2021-12-31 0:00:00,AAAAAOXsBq4=,2019-10-30 18:24:23
4114,57C27CE4-21D5-4BED-AFD0-B761A637F893,7541,Ydanis A.,Rodriguez,Ydanis A. Rodriguez,29,Committee on Transportation,TRUE,1,Chairperson,TRUE,2018-01-11 0:00:00,2021-12-31 0:00:00,AAAAAOV8lJE=,2018-01-12 18:26:33
4115,DD246A6B-1095-4A55-B750-2B366B3CA217,7561,Fernando,Cabrera,Fernando Cabrera,29,Committee on Transportation,TRUE,3,Committee member,TRUE,2018-01-11 0:00:00,2021-12-31 0:00:00,AAAAAOV8lJU=,2018-01-12 18:26:51
4116,297E64DF-B492-4133-9784-A04BEAFEF297,7627,Costa G.,Constantinides,Costa G. Constantinides,29,Committee on Transportation,TRUE,3,Committee member,FALSE,2018-01-11 0:00:00,2019-04-09 0:00:00,AAAAAOXMt30=,2018-01-12 18:27:14
4117,C66A9726-EFB1-48E8-AA66-1A81DAE67395,7629,Chaim M.,Deutsch,Chaim M. Deutsch,29,Committee on Transportation,TRUE,3,Committee member,TRUE,2018-01-11 0:00:00,2021-12-31 0:00:00,AAAAAOV8lJ0=,2018-01-12 18:27:36
4118,B4804600-0803-4909-9299-410582E01000,7744,Ruben,"Diaz, Sr.","Ruben Diaz, Sr.",29,Committee on Transportation,TRUE,3,Committee member,TRUE,2018-01-11 0:00:00,2021-12-31 0:00:00,AAAAAOV8lKE=,2018-01-12 18:28:03
4119,20F8DA7E-273F-460B-9687-43E8EBEC5CFB,7630,Rafael L.,"Espinal, Jr.","Rafael L. Espinal, Jr.",29,Committee on Transportation,TRUE,3,Committee member,TRUE,2018-01-11 0:00:00,2021-12-31 0:00:00,AAAAAOV8lKU=,2018-01-12 18:28:25
4120,08EF67E9-B295-40BB-BDCD-0ECE822875A2,7565,Peter A.,Koo,Peter A. Koo,29,Committee on Transportation,TRUE,3,Committee member,TRUE,2018-01-11 0:00:00,2021-12-31 0:00:00,AAAAAOV8lKk=,2018-01-12 18:28:46
4121,00A0A68A-2E6F-4403-B390-36994B6480FC,7567,Stephen T.,Levin,Stephen T. Levin,29,Committee on Transportation,TRUE,3,Committee member,TRUE,2018-01-11 0:00:00,2021-12-31 0:00:00,AAAAAOV8lK0=,2018-01-12 18:29:11
4122,6B29B83D-7E9D-4CE2-B20E-22A02CAA577B,7634,Mark,Levine,Mark Levine,29,Committee on Transportation,TRUE,3,Committee member,TRUE,2018-01-11 0:00:00,2021-12-31 0:00:00,AAAAAOV8lLE=,2018-01-12 18:29:35
4123,B8268995-5225-402C-96CA-A9C23679C40A,7636,Carlos,Menchaca,Carlos Menchaca,29,Committee on Transportation,TRUE,3,Committee member,TRUE,2018-01-11 0:00:00,2021-12-31 0:00:00,AAAAAOV8lLU=,2018-01-12 18:29:59
4124,22BD057F-6785-4E1E-BA24-022666EC772A,7637,I. Daneek,Miller,I. Daneek Miller,29,Committee on Transportation,TRUE,3,Committee member,TRUE,2018-01-11 0:00:00,2021-12-31 0:00:00,AAAAAOV8lLk=,2018-01-12 18:30:22
4125,D7FCD13F-69C6-40CC-B2DE-98E84D7B0C1A,7638,Antonio,Reynoso,Antonio Reynoso,29,Committee on Transportation,TRUE,3,Committee member,TRUE,2018-01-11 0:00:00,2021-12-31 0:00:00,AAAAAOV8lL0=,2018-01-12 18:30:50
4126,14BE0FD0-5E28-44E0-BC30-1A2AE777D594,7617,Donovan J.,Richards,Donovan J. Richards,29,Committee on Transportation,TRUE,3,Committee member,TRUE,2018-01-11 0:00:00,2021-12-31 0:00:00,AAAAAOV8lME=,2018-01-12 18:31:11
4127,6EC0E62C-7B56-427B-A316-FE147FA4F4F1,7568,Deborah L.,Rose,Deborah L. Rose,29,Committee on Transportation,TRUE,3,Committee member,TRUE,2018-01-11 0:00:00,2021-12-31 0:00:00,AAAAAOV8lMU=,2018-01-12 18:31:37
4128,2BB497B5-505B-4791-AFED-AF1F4E4F1BC8,7714,Rafael,"Salamanca, Jr.","Rafael Salamanca, Jr.",29,Committee on Transportation,TRUE,3,Committee member,FALSE,2018-01-11 0:00:00,2019-04-09 0:00:00,AAAAAOXMt38=,2018-01-12 18:32:00
4301,5D223FA6-84AF-4A94-BF0F-EC0C84EE70E2,7624,Andrew,Cohen,Andrew Cohen,29,Committee on Transportation,TRUE,3,Committee member,TRUE,2019-10-30 0:00:00,2021-12-31 0:00:00,AAAAAOXsBmw=,2019-10-30 18:20:24
4149,685E6A61-1AD8-4773-9DE3-F62020D88E5A,7739,Adrienne,Adams,Adrienne E. Adams,32,"Subcommittee on Landmarks, Public Siting and Maritime Uses",FALSE,1,Chairperson,FALSE,2018-01-11 0:00:00,2019-09-24 0:00:00,AAAAAOXnfYg=,2018-01-12 19:00:18
4150,81B2768F-5B35-433D-B613-5C56AC41FC5E,7623,Inez D.,Barron,Inez D. Barron,32,"Subcommittee on Landmarks, Public Siting and Maritime Uses",FALSE,3,Committee member,FALSE,2018-01-11 0:00:00,2019-09-24 0:00:00,AAAAAOXnfhM=,2018-01-12 19:02:09
4151,3019D2B0-BDF2-4E3A-B698-BAA6EAE2194B,7565,Peter A.,Koo,Peter A. Koo,32,"Subcommittee on Landmarks, Public Siting and Maritime Uses",FALSE,3,Committee member,FALSE,2018-01-11 0:00:00,2019-09-24 0:00:00,AAAAAOXnfi0=,2018-01-12 19:02:29
4152,B6F6C63B-EDDE-4517-96D8-E5FBAD77E220,7637,I. Daneek,Miller,I. Daneek Miller,32,"Subcommittee on Landmarks, Public Siting and Maritime Uses",FALSE,3,Committee member,FALSE,2018-01-11 0:00:00,2019-09-24 0:00:00,AAAAAOXnfjY=,2018-01-12 19:02:51
4153,9C6EDFCE-5475-4DBF-BCB2-13D53D5FFAEF,7641,Mark,Treyger,Mark Treyger,32,"Subcommittee on Landmarks, Public Siting and Maritime Uses",FALSE,3,Committee member,FALSE,2018-01-11 0:00:00,2019-09-24 0:00:00,AAAAAOXnfjg=,2018-01-12 19:03:20
4159,0A685C63-5FE8-4C5C-90FF-BEAFFAFBD04E,7745,Francisco P.,Moya,Francisco P. Moya,34,Subcommittee on Zoning and Franchises,TRUE,1,Chairperson,TRUE,2018-01-11 0:00:00,2021-12-31 0:00:00,AAAAAOV8lc8=,2018-01-12 19:09:38
4160,B4C80851-0E62-43AB-892A-5DF7A2D9A114,7627,Costa G.,Constantinides,Costa G. Constantinides,34,Subcommittee on Zoning and Franchises,TRUE,3,Committee member,FALSE,2018-01-11 0:00:00,2019-06-13 0:00:00,AAAAAOXXFJY=,2018-01-12 19:13:12
4161,7EEBA42D-44A7-4523-BFDA-18D14B348F5A,7691,Barry,Grodenchik,Barry S. Grodenchik,34,Subcommittee on Zoning and Franchises,TRUE,3,Committee member,TRUE,2018-01-11 0:00:00,2021-12-31 0:00:00,AAAAAOV8ldc=,2018-01-12 19:13:29
4162,F7D379E1-F020-4431-B80B-CB124038B011,7633,Rory I.,Lancman,Rory I. Lancman,34,Subcommittee on Zoning and Franchises,TRUE,3,Committee member,TRUE,2018-01-04 0:00:00,2021-12-31 0:00:00,AAAAAOV8lds=,2018-01-12 19:13:47
4163,D842BD47-DA91-4E46-8565-913E3230BD6C,7567,Stephen T.,Levin,Stephen T. Levin,34,Subcommittee on Zoning and Franchises,TRUE,3,Committee member,TRUE,2018-01-11 0:00:00,2021-12-31 0:00:00,AAAAAOV8ld8=,2018-01-12 19:14:16
4164,A8DF8E88-29FB-4D96-B934-3C9A456A0443,7638,Antonio,Reynoso,Antonio Reynoso,34,Subcommittee on Zoning and Franchises,TRUE,3,Committee member,TRUE,2018-01-11 0:00:00,2021-12-31 0:00:00,AAAAAOV8leM=,2018-01-12 19:14:37
4165,B2DE1605-C545-4FD2-8626-D63F4978462E,7617,Donovan J.,Richards,Donovan J. Richards,34,Subcommittee on Zoning and Franchises,TRUE,3,Committee member,TRUE,2018-01-11 0:00:00,2021-12-31 0:00:00,AAAAAOV8lec=,2018-01-12 19:14:57
4166,9F7A7B1E-1D62-455B-815C-0540F4B75531,7740,Carlina,Rivera,Carlina Rivera,34,Subcommittee on Zoning and Franchises,TRUE,3,Committee member,TRUE,2018-01-11 0:00:00,2021-12-31 0:00:00,AAAAAOV8les=,2018-01-12 19:15:17
4167,BE5BB7BA-4572-4ADA-98F0-96C650FC97EB,7640,Ritchie J.,Torres,Ritchie J. Torres,34,Subcommittee on Zoning and Franchises,TRUE,3,Committee member,FALSE,2018-01-11 0:00:00,2019-06-13 0:00:00,AAAAAOXXFJg=,2018-01-12 19:15:34
4154,70A92947-D2AA-4C11-88ED-BF80E726EFE4,7632,Ben,Kallos,Ben Kallos,5070,"Subcommittee on Planning, Dispositions and Concessions",FALSE,1,Chairperson,FALSE,2018-01-11 0:00:00,2019-04-09 0:00:00,AAAAAOXMt70=,2018-01-12 19:05:23
4155,90114132-EC99-4EFE-B1C5-05824CDA6404,7629,Chaim M.,Deutsch,Chaim M. Deutsch,5070,"Subcommittee on Planning, Dispositions and Concessions",FALSE,3,Committee member,FALSE,2018-01-11 0:00:00,2019-04-09 0:00:00,AAAAAOXMt78=,2018-01-12 19:05:38
4156,7092FE58-D904-450A-9E2B-54FB95DC98E9,7744,Ruben,"Diaz, Sr.","Ruben Diaz, Sr.",5070,"Subcommittee on Planning, Dispositions and Concessions",FALSE,3,Committee member,FALSE,2018-01-11 0:00:00,2019-04-09 0:00:00,AAAAAOXMt8E=,2018-01-12 19:05:56
4157,4DDD4A98-FD9C-460F-BE3F-A5C178384432,7622,Vanessa L.,Gibson,Vanessa L. Gibson,5070,"Subcommittee on Planning, Dispositions and Concessions",FALSE,3,Committee member,FALSE,2018-01-11 0:00:00,2019-04-09 0:00:00,AAAAAOXMt8M=,2018-01-12 19:06:12
4158,7A3DD643-A13A-43D9-89BE-EB260B079C28,7613,Andy L.,King,Andy L. King,5070,"Subcommittee on Planning, Dispositions and Concessions",FALSE,3,Committee member,FALSE,2018-01-11 0:00:00,2019-04-09 0:00:00,AAAAAOXMt8U=,2018-01-12 19:06:47
3885,5D59865A-94B9-4429-A416-875A60608A81,7569,James G.,Van Bramer,James G. Van Bramer,5105,"Committee on Cultural Affairs, Libraries and International Intergroup Relations",TRUE,1,Chairperson,TRUE,2018-01-11 0:00:00,2021-12-31 0:00:00,AAAAAOV8iMU=,2018-01-11 20:10:31
3886,ABC086B0-2D5E-4816-9D1A-0CEA98FB1AF0,7264,Joseph,Borelli,Joseph C. Borelli,5105,"Committee on Cultural Affairs, Libraries and International Intergroup Relations",TRUE,3,Committee member,TRUE,2018-01-11 0:00:00,2021-12-31 0:00:00,AAAAAOV8iOY=,2018-01-11 20:11:07
3887,48DE83C0-9C1C-4A7A-8F7F-00A2F39AA446,7628,Laurie A.,Cumbo,Laurie A. Cumbo,5105,"Committee on Cultural Affairs, Libraries and International Intergroup Relations",TRUE,3,Committee member,TRUE,2018-01-11 0:00:00,2021-12-31 0:00:00,AAAAAOV8iO4=,2018-01-11 20:11:35
3888,259249C3-D2CC-4845-9018-2B59FB7B2677,386,Karen,Koslowitz,Karen Koslowitz,5105,"Committee on Cultural Affairs, Libraries and International Intergroup Relations",TRUE,3,Committee member,FALSE,2018-01-11 0:00:00,2019-10-29 0:00:00,AAAAAOXsA9g=,2018-01-11 20:12:04
3889,82117A23-FD66-41F5-908A-F00D1FD8987F,7745,Francisco P.,Moya,Francisco P. Moya,5105,"Committee on Cultural Affairs, Libraries and International Intergroup Relations",TRUE,3,Committee member,TRUE,2018-01-11 0:00:00,2021-12-31 0:00:00,AAAAAOV8iRI=,2018-01-11 20:12:31
4294,85ECE75D-E0BD-42BC-A8B0-3A6914DD3B3B,7743,Mark,Gjonaj,Mark Gjonaj,5105,"Committee on Cultural Affairs, Libraries and International Intergroup Relations",TRUE,3,Committee member,TRUE,2019-10-30 0:00:00,2021-12-31 0:00:00,AAAAAOXsA9Q=,2019-10-30 17:17:56
4051,D172F171-C90A-40FF-85DA-5CDDB9A88E39,7691,Barry,Grodenchik,Barry S. Grodenchik,5106,Committee on Parks and Recreation,TRUE,3,Chairperson,FALSE,2018-01-11 0:00:00,2019-05-14 0:00:00,AAAAAOXRoBg=,2018-01-12 17:29:19
4052,07466DA2-0E44-4BA7-BBE5-46609EA19A53,7264,Joseph,Borelli,Joseph C. Borelli,5106,Committee on Parks and Recreation,TRUE,3,Committee member,TRUE,2018-01-11 0:00:00,2021-12-31 0:00:00,AAAAAOV8kvc=,2018-01-12 17:29:43
4053,37595919-2EF4-473C-A5C9-AD9EDEC853AA,7748,Justin L.,Brannan,Justin L. Brannan,5106,Committee on Parks and Recreation,TRUE,3,Committee member,TRUE,2018-01-11 0:00:00,2021-12-31 0:00:00,AAAAAOV8kvs=,2018-01-12 17:30:10
4054,54164E4A-E275-4405-95AE-594DED668211,7624,Andrew,Cohen,Andrew Cohen,5106,Committee on Parks and Recreation,TRUE,3,Committee member,TRUE,2018-01-11 0:00:00,2021-12-31 0:00:00,AAAAAOV8kwE=,2018-01-12 17:30:35
4055,6B50ED2D-CFF8-459D-B911-13C36EFA426B,7627,Costa G.,Constantinides,Costa G. Constantinides,5106,Committee on Parks and Recreation,TRUE,3,Committee member,FALSE,2018-01-11 0:00:00,2019-04-09 0:00:00,AAAAAOXMtzE=,2018-01-12 17:31:01
4056,64FB9FA2-778E-4219-8C42-E474486F8BC7,7743,Mark,Gjonaj,Mark Gjonaj,5106,Committee on Parks and Recreation,TRUE,3,Committee member,TRUE,2018-01-11 0:00:00,2021-12-31 0:00:00,AAAAAOV8kwk=,2018-01-12 17:31:23
4057,9FF64435-2F7A-446B-98A1-ADABB8138D25,7613,Andy L.,King,Andy L. King,5106,Committee on Parks and Recreation,TRUE,3,Committee member,FALSE,2018-01-11 0:00:00,2019-10-29 0:00:00,AAAAAOXsBTU=,2018-01-12 17:31:46
4058,E9F7CBF2-175D-4EAA-A84B-1629DAD97E2F,7565,Peter A.,Koo,Peter A. Koo,5106,Committee on Parks and Recreation,TRUE,3,Committee member,FALSE,2018-01-11 0:00:00,2019-04-09 0:00:00,AAAAAOXMtzM=,2018-01-12 17:32:07
4059,4ECCC2D3-89C1-4076-A4F9-CC6FE169817D,7745,Francisco P.,Moya,Francisco P. Moya,5106,Committee on Parks and Recreation,TRUE,3,Committee member,TRUE,2018-01-11 0:00:00,2021-12-31 0:00:00,AAAAAOV8kxU=,2018-01-12 17:32:31
4060,6EB0A98C-323D-4D0E-B175-CF3A9BEA7E94,7510,Eric A.,Ulrich,Eric A. Ulrich,5106,Committee on Parks and Recreation,TRUE,3,Committee member,TRUE,2018-01-11 0:00:00,2021-12-31 0:00:00,AAAAAOV8kxk=,2018-01-12 17:32:53
4061,66607CF0-2B51-4B8F-A758-B4B2A4FDEDE6,7569,James G.,Van Bramer,James G. Van Bramer,5106,Committee on Parks and Recreation,TRUE,3,Committee member,TRUE,2018-01-11 0:00:00,2021-12-31 0:00:00,AAAAAOV8kx0=,2018-01-12 17:33:17
4270,6C15F800-23D3-4299-AAF1-F1D99DDCBF3E,7565,Peter A.,Koo,Peter A. Koo,5106,Committee on Parks and Recreation,TRUE,1,Chairperson,TRUE,2019-06-13 0:00:00,2021-12-31 0:00:00,AAAAAOXXE8c=,2019-06-13 18:33:35
4271,E58C7D26-68F7-4F79-93CB-CD4E0EAB9F7D,7739,Adrienne,Adams,Adrienne E. Adams,5106,Committee on Parks and Recreation,TRUE,3,Committee member,TRUE,2019-06-13 0:00:00,2021-12-31 0:00:00,AAAAAOXXE8g=,2019-06-13 18:34:46
4272,3D417319-C9DE-42E2-BAD7-310D009F9F2B,7740,Carlina,Rivera,Carlina Rivera,5106,Committee on Parks and Recreation,TRUE,3,Committee member,TRUE,2019-06-13 0:00:00,2021-12-31 0:00:00,AAAAAOXXE84=,2019-06-13 18:36:04
4298,09F9CC59-8C5B-449D-8BFF-C450B69BB680,7634,Mark,Levine,Mark Levine,5106,Committee on Parks and Recreation,TRUE,3,Committee member,TRUE,2019-10-30 0:00:00,2021-12-31 0:00:00,AAAAAOXsBTc=,2019-10-30 18:01:57
4044,E944C09E-6E01-4213-AE68-54EA7D07E0A0,7640,Ritchie J.,Torres,Ritchie J. Torres,5107,Committee on Oversight and Investigations,TRUE,3,Chairperson,TRUE,2018-01-11 0:00:00,2021-12-31 0:00:00,AAAAAOV8ktA=,2018-01-12 17:21:05
4045,6BDA7883-7628-4C93-B18D-F5321B23A3B9,7632,Ben,Kallos,Ben Kallos,5107,Committee on Oversight and Investigations,TRUE,3,Committee member,TRUE,2018-01-11 0:00:00,2021-12-31 0:00:00,AAAAAOV8ktQ=,2018-01-12 17:21:24
4046,7AB6C278-FD2C-4A6B-87F8-90C0D47C51E9,7633,Rory I.,Lancman,Rory I. Lancman,5107,Committee on Oversight and Investigations,TRUE,3,Committee member,TRUE,2018-01-11 0:00:00,2021-12-31 0:00:00,AAAAAOV8ktg=,2018-01-12 17:21:45
4047,856F7188-BC13-4833-ADD6-FDACA28CCDE7,7741,Keith,Powers,Keith Powers,5107,Committee on Oversight and Investigations,TRUE,3,Committee member,TRUE,2018-01-11 0:00:00,2021-12-31 0:00:00,AAAAAOV8ktw=,2018-01-12 17:22:07
4048,21F10C66-16F1-4118-83A0-993ED4311D8B,7714,Rafael,"Salamanca, Jr.","Rafael Salamanca, Jr.",5107,Committee on Oversight and Investigations,TRUE,3,Committee member,TRUE,2018-01-11 0:00:00,2021-12-31 0:00:00,AAAAAOV8kuA=,2018-01-12 17:22:30
4049,38246B10-02D0-4A56-8DFB-295B968F9B0D,7641,Mark,Treyger,Mark Treyger,5107,Committee on Oversight and Investigations,TRUE,3,Committee member,TRUE,2018-01-11 0:00:00,2021-12-31 0:00:00,AAAAAOV8kuQ=,2018-01-12 17:22:56
4050,E135F41E-81E5-4DBE-A02D-69CFAEF4EA75,7749,Kalman,Yeger,Kalman Yeger,5107,Committee on Oversight and Investigations,TRUE,3,Committee member,TRUE,2018-01-11 0:00:00,2021-12-31 0:00:00,AAAAAOV8kug=,2018-01-12 17:23:21
4242,0212D6E7-CCB0-49F8-8E58-AC62A3C8E390,7742,Diana,Ayala,Diana Ayala,5107,Committee on Oversight and Investigations,TRUE,3,Committee member,TRUE,2019-04-10 0:00:00,2021-12-31 0:00:00,AAAAAOXMtgI=,2019-04-10 14:20:35
4243,28259B2E-0978-4407-9AA2-061EF2941D61,7740,Carlina,Rivera,Carlina Rivera,5107,Committee on Oversight and Investigations,TRUE,3,Committee member,TRUE,2019-04-10 0:00:00,2021-12-31 0:00:00,AAAAAOXMtlg=,2019-04-10 14:21:06
4089,F53336EF-4674-406E-8B3F-43A88CA40C94,7638,Antonio,Reynoso,Antonio Reynoso,5108,Committee on Sanitation and Solid Waste Management,TRUE,3,Chairperson,TRUE,2018-01-11 0:00:00,2021-12-31 0:00:00,AAAAAOV8k/M=,2018-01-12 18:06:33
4090,CA559191-ABC0-42F9-85BB-99F0FDBA62CE,7561,Fernando,Cabrera,Fernando Cabrera,5108,Committee on Sanitation and Solid Waste Management,TRUE,3,Committee member,TRUE,2018-01-11 0:00:00,2021-12-31 0:00:00,AAAAAOV8k/c=,2018-01-12 18:06:59
4091,128A0F2F-CAE4-42EE-A2C9-BC7A5E517D13,7629,Chaim M.,Deutsch,Chaim M. Deutsch,5108,Committee on Sanitation and Solid Waste Management,TRUE,3,Committee member,TRUE,2018-01-11 0:00:00,2021-12-31 0:00:00,AAAAAOV8k/s=,2018-01-12 18:07:26
4092,8A5B2FF4-4736-4925-B483-91D13E422DC1,7630,Rafael L.,"Espinal, Jr.","Rafael L. Espinal, Jr.",5108,Committee on Sanitation and Solid Waste Management,TRUE,3,Committee member,TRUE,2018-01-11 0:00:00,2021-12-31 0:00:00,AAAAAOV8k/8=,2018-01-12 18:07:47
4093,ACC19EBA-6E81-48E0-BE67-E2F5685AC162,7642,Paul A.,Vallone,Paul A. Vallone,5108,Committee on Sanitation and Solid Waste Management,TRUE,3,Committee member,TRUE,2018-01-11 0:00:00,2021-12-31 0:00:00,AAAAAOV8lAM=,2018-01-12 18:08:09
4247,F86EF9BD-61E4-414A-9C47-0586ABD5117C,7562,Margaret S.,Chin,Margaret S. Chin,5108,Committee on Sanitation and Solid Waste Management,TRUE,3,Committee member,TRUE,2019-04-10 0:00:00,2021-12-31 0:00:00,AAAAAOXMt10=,2019-04-10 14:32:11
4248,D3EE2AA5-F1FE-4264-AAC0-64EED0B955E6,7627,Costa G.,Constantinides,Costa G. Constantinides,5108,Committee on Sanitation and Solid Waste Management,TRUE,3,Committee member,TRUE,2019-04-10 0:00:00,2021-12-31 0:00:00,AAAAAOXMt2E=,2019-04-10 14:32:38
4273,35F98B7F-F0A8-4FA9-A552-3E5F2F44B584,7748,Justin L.,Brannan,Justin L. Brannan,5108,Committee on Sanitation and Solid Waste Management,TRUE,3,Committee member,TRUE,2019-06-13 0:00:00,2021-12-31 0:00:00,AAAAAOXXFEM=,2019-06-13 18:44:25
4274,45B581E7-890F-43CF-8861-4651E40EBD84,7624,Andrew,Cohen,Andrew Cohen,5108,Committee on Sanitation and Solid Waste Management,TRUE,3,Council member,TRUE,2019-06-13 0:00:00,2021-12-31 0:00:00,AAAAAOXXFEc=,2019-06-13 18:45:09
4000,5DB44282-B2DE-4E0C-8547-460594F26891,7636,Carlos,Menchaca,Carlos Menchaca,5119,Committee on Immigration,TRUE,1,Chairperson,TRUE,2018-01-11 0:00:00,2021-12-31 0:00:00,AAAAAOV8kd0=,2018-01-12 16:22:41
4001,96FCAAD9-7D80-4643-A342-D5B7CB838B7D,7563,Daniel,Dromm,Daniel Dromm,5119,Committee on Immigration,TRUE,3,Committee member,TRUE,2018-01-11 0:00:00,2021-12-31 0:00:00,AAAAAOV8keE=,2018-01-12 16:23:08
4002,77121C47-5551-4C64-8BF2-86317D71F166,7113,Mathieu,Eugene,Mathieu Eugene,5119,Committee on Immigration,TRUE,3,Committee member,TRUE,2018-01-11 0:00:00,2021-12-31 0:00:00,AAAAAOV8keU=,2018-01-12 16:23:29
4003,BBAB74F0-AF03-4292-AEB3-51F5ADC63AF4,7743,Mark,Gjonaj,Mark Gjonaj,5119,Committee on Immigration,TRUE,3,Committee member,FALSE,2018-01-11 0:00:00,2019-10-29 0:00:00,AAAAAOXsBM0=,2018-01-12 16:23:51
4004,B0539474-E6AF-4B79-B659-3193EBF0F8BD,7746,Robert F.,Holden,Robert F. Holden,5119,Committee on Immigration,TRUE,3,Committee member,FALSE,2018-01-11 0:00:00,2019-04-09 0:00:00,AAAAAOXMiyw=,2018-01-12 16:24:19
4005,0186F85C-CCA4-4648-8577-9058FA46B6D6,7637,I. Daneek,Miller,I. Daneek Miller,5119,Committee on Immigration,TRUE,3,Committee member,FALSE,2018-01-11 0:00:00,2019-10-29 0:00:00,AAAAAOXsBM8=,2018-01-12 16:24:40
4006,8128B606-13EA-48C1-A90C-1427972ACBA4,7749,Kalman,Yeger,Kalman Yeger,5119,Committee on Immigration,TRUE,3,Committee member,FALSE,2018-01-11 0:00:00,2019-04-09 0:00:00,AAAAAOXMi14=,2018-01-12 16:25:02
4229,B903BA3A-ADB2-42BF-9BD2-434E8D93982C,7562,Margaret S.,Chin,Margaret S. Chin,5119,Committee on Immigration,TRUE,3,Committee member,TRUE,2019-04-10 0:00:00,2021-12-31 0:00:00,AAAAAOXMi2o=,2019-04-09 17:38:20
4230,ECFE9EDE-4882-4069-84CD-944C9A5AE96D,7745,Francisco P.,Moya,Francisco P. Moya,5119,Committee on Immigration,TRUE,3,Committee member,TRUE,2019-04-10 0:00:00,2021-12-31 0:00:00,AAAAAOXMi24=,2019-04-09 17:38:52
4094,2CAC4A3F-5D40-4E2C-9CDF-1740E9E8C594,7743,Mark,Gjonaj,Mark Gjonaj,5120,Committee on Small Business,TRUE,1,Chairperson,TRUE,2018-01-11 0:00:00,2021-12-31 0:00:00,AAAAAOV8lBU=,2018-01-12 18:10:51
4095,73B8B96E-BEBC-4C3F-B46D-A1C9FFC2FF96,7742,Diana,Ayala,Diana Ayala,5120,Committee on Small Business,TRUE,3,Committee member,FALSE,2018-01-11 0:00:00,2019-04-09 0:00:00,AAAAAOXMt2s=,2018-01-12 18:11:11
4096,02603511-8C84-4CEB-ACC7-9B0B9A8C4AB0,7567,Stephen T.,Levin,Stephen T. Levin,5120,Committee on Small Business,TRUE,3,Committee member,TRUE,2018-01-11 0:00:00,2021-12-31 0:00:00,AAAAAOV8lB0=,2018-01-12 18:11:32
4097,B487CDC0-6B1F-4CAE-8396-3DCDD3C336B3,430,Bill,Perkins,Bill Perkins,5120,Committee on Small Business,TRUE,3,Committee member,TRUE,2018-01-11 0:00:00,2021-12-31 0:00:00,AAAAAOV8lCE=,2018-01-12 18:11:54
4098,6F62A383-0CDA-4DCA-8C88-8FC6E2404DC8,7740,Carlina,Rivera,Carlina Rivera,5120,Committee on Small Business,TRUE,3,Committee member,FALSE,2018-01-11 0:00:00,2019-04-09 0:00:00,AAAAAOXMt20=,2018-01-12 18:12:14
4249,320FD4CC-40CD-4A2C-B7B4-2B1F1A57D4C0,7563,Daniel,Dromm,Daniel Dromm,5120,Committee on Small Business,TRUE,3,Council member,FALSE,2019-04-10 0:00:00,2019-10-29 0:00:00,AAAAAOXsBb0=,2019-04-10 14:35:33
4250,A787779C-CB0B-43B3-8181-E06B34B6B1F0,7639,Helen K.,Rosenthal,Helen K. Rosenthal,5120,Committee on Small Business,TRUE,3,Committee member,TRUE,2019-04-10 0:00:00,2021-12-31 0:00:00,AAAAAOXMt3M=,2019-04-10 14:36:05
4299,E5E39E47-D19C-4917-9EEC-C3E7517717C9,7541,Ydanis A.,Rodriguez,Ydanis A. Rodriguez,5120,Committee on Small Business,TRUE,3,Committee member,TRUE,2019-10-30 0:00:00,2021-12-31 0:00:00,AAAAAOXsBb8=,2019-10-30 18:10:15
4129,51F85EDC-BB6E-4640-86EB-6188991DFF9C,7629,Chaim M.,Deutsch,Chaim M. Deutsch,5122,Committee on Veterans,TRUE,1,Chairperson,TRUE,2018-01-11 0:00:00,2021-12-31 0:00:00,AAAAAOV8lNs=,2018-01-12 18:35:33
4130,A49984CF-359A-4738-8518-C0398464467B,7748,Justin L.,Brannan,Justin L. Brannan,5122,Committee on Veterans,TRUE,3,Committee member,FALSE,2018-01-11 0:00:00,2019-04-09 0:00:00,AAAAAOXMt4c=,2018-01-12 18:35:53
4131,045D71ED-F402-47FB-9C78-6123838F3A89,7113,Mathieu,Eugene,Mathieu Eugene,5122,Committee on Veterans,TRUE,3,Committee member,TRUE,2018-01-11 0:00:00,2021-12-31 0:00:00,AAAAAOV8lOM=,2018-01-12 18:36:13
4132,6093814E-341E-48CF-B1B1-CBC614645FFC,7635,Alan N.,Maisel,Alan N. Maisel,5122,Committee on Veterans,TRUE,3,Committee member,TRUE,2018-01-11 0:00:00,2021-12-31 0:00:00,AAAAAOV8lOc=,2018-01-12 18:36:36
4133,A81C14AB-9E4C-4DB2-86ED-024B4E4ACC1C,7642,Paul A.,Vallone,Paul A. Vallone,5122,Committee on Veterans,TRUE,3,Committee member,TRUE,2018-01-11 0:00:00,2021-12-31 0:00:00,AAAAAOV8lOs=,2018-01-12 18:36:56
4251,A015A288-BF7A-4D74-A3C5-652F23600AE8,7747,Alicka,Ampry-Samuel,Alicka Ampry-Samuel,5122,Committee on Veterans,TRUE,3,Committee member,TRUE,2019-04-10 0:00:00,2021-12-31 0:00:00,AAAAAOXMt4k=,2019-04-10 14:41:06
4012,F09FD463-394F-4A30-9057-CA693808C0EF,7613,Andy L.,King,Andy L. King,5149,Committee on Juvenile Justice,FALSE,3,Chairperson,FALSE,2018-01-11 0:00:00,2019-10-29 0:00:00,AAAAAOXsBsQ=,2018-01-12 16:34:39
4013,4E8C4C3D-BC92-434E-888A-4C35B5AF3C24,7623,Inez D.,Barron,Inez D. Barron,5149,Committee on Juvenile Justice,FALSE,3,Committee member,FALSE,2018-01-11 0:00:00,2019-10-29 0:00:00,AAAAAOXsBsY=,2018-01-12 16:34:59
4014,149BDA5B-5AA7-4477-BB88-2770C1F9B7A6,7743,Mark,Gjonaj,Mark Gjonaj,5149,Committee on Juvenile Justice,FALSE,3,Committee member,FALSE,2018-01-11 0:00:00,2019-10-29 0:00:00,AAAAAOXsBsg=,2018-01-12 16:35:20
4015,49B783CC-782C-4F04-B7C7-62167326B1FE,7746,Robert F.,Holden,Robert F. Holden,5149,Committee on Juvenile Justice,FALSE,3,Committee member,FALSE,2018-01-11 0:00:00,2019-10-29 0:00:00,AAAAAOXsBso=,2018-01-12 16:35:43
4016,CE5857AE-09CB-443B-BC40-C18562B7F0D3,7634,Mark,Levine,Mark Levine,5149,Committee on Juvenile Justice,FALSE,3,Committee member,FALSE,2018-01-11 0:00:00,2019-10-29 0:00:00,AAAAAOXsBsw=,2018-01-12 16:36:09
4017,65ED0816-D482-49FC-97F2-1EA57AFC0107,430,Bill,Perkins,Bill Perkins,5149,Committee on Juvenile Justice,FALSE,3,Committee member,FALSE,2018-01-11 0:00:00,2019-10-29 0:00:00,AAAAAOXsBs4=,2018-01-12 16:36:30
4018,F9FCB939-D558-448B-A672-9FCE2A4C0F94,7571,Jumaane D.,Williams,Jumaane D. Williams,5149,Committee on Juvenile Justice,FALSE,3,Committee member,FALSE,2018-01-11 0:00:00,2019-03-19 0:00:00,AAAAAOXI/FY=,2018-01-12 16:37:05
4062,196614CB-A1CE-4B89-8580-46F5243A7666,7747,Alicka,Ampry-Samuel,Alicka Ampry-Samuel,5212,Committee on Public Housing,TRUE,1,Chairperson,TRUE,2018-01-11 0:00:00,2021-12-31 0:00:00,AAAAAOV8kzY=,2018-01-12 17:36:50
4063,E5A6BDBB-4068-4CC7-BA2A-29B986ADB376,7742,Diana,Ayala,Diana Ayala,5212,Committee on Public Housing,TRUE,3,Committee member,TRUE,2018-01-11 0:00:00,2021-12-31 0:00:00,AAAAAOV8kzo=,2018-01-12 17:37:14
4064,6B31FD3C-4161-4830-B3AE-344BADDCD82F,7628,Laurie A.,Cumbo,Laurie A. Cumbo,5212,Committee on Public Housing,TRUE,3,Committee member,TRUE,2018-01-11 0:00:00,2021-12-31 0:00:00,AAAAAOV8kz4=,2018-01-12 17:38:13
4065,71576F71-DEB9-4AEE-AED0-1A666E691B33,7744,Ruben,"Diaz, Sr.","Ruben Diaz, Sr.",5212,Committee on Public Housing,TRUE,3,Committee member,TRUE,2018-01-11 0:00:00,2021-12-31 0:00:00,AAAAAOV8k0I=,2018-01-12 17:38:43
4066,D09B3DBC-4C6F-484D-A001-7B27070FE59A,7743,Mark,Gjonaj,Mark Gjonaj,5212,Committee on Public Housing,TRUE,3,Committee member,TRUE,2018-01-11 0:00:00,2021-12-31 0:00:00,AAAAAOV8k0Y=,2018-01-12 17:39:06
4067,B43BDCA3-60E7-474B-8BF2-43729840B99F,7636,Carlos,Menchaca,Carlos Menchaca,5212,Committee on Public Housing,TRUE,3,Committee member,TRUE,2018-01-11 0:00:00,2021-12-31 0:00:00,AAAAAOV8k0o=,2018-01-12 17:39:28
4068,CC7A0193-4641-4772-9811-3428D6B66B6E,7617,Donovan J.,Richards,Donovan J. Richards,5212,Committee on Public Housing,TRUE,3,Committee member,TRUE,2018-01-11 0:00:00,2021-12-31 0:00:00,AAAAAOV8k04=,2018-01-12 17:39:50
4069,3598C278-4C22-4D87-8F18-DB839C8F9A8C,7714,Rafael,"Salamanca, Jr.","Rafael Salamanca, Jr.",5212,Committee on Public Housing,TRUE,3,Committee member,TRUE,2018-01-11 0:00:00,2021-12-31 0:00:00,AAAAAOV8k1I=,2018-01-12 17:40:17
4070,32A939A1-F84F-47B8-AE80-F2A1C584142E,7640,Ritchie J.,Torres,Ritchie J. Torres,5212,Committee on Public Housing,TRUE,3,Committee member,TRUE,2018-01-11 0:00:00,2021-12-31 0:00:00,AAAAAOV8k1Y=,2018-01-12 17:40:37
4071,7D3583D5-2AF9-45A1-BA86-E46E8B910BC7,7641,Mark,Treyger,Mark Treyger,5212,Committee on Public Housing,TRUE,3,Committee member,TRUE,2018-01-11 0:00:00,2021-12-31 0:00:00,AAAAAOV8k1o=,2018-01-12 17:41:02
4072,F76A8312-CFA0-4E96-B6A5-A9B46E243A1F,7569,James G.,Van Bramer,James G. Van Bramer,5212,Committee on Public Housing,TRUE,3,Committee member,TRUE,2018-01-11 0:00:00,2021-12-31 0:00:00,AAAAAOV8k14=,2018-01-12 17:41:28
4244,A576D375-1E27-4B0F-9CBE-3076EC4268BA,7622,Vanessa L.,Gibson,Vanessa L. Gibson,5212,Committee on Public Housing,TRUE,3,Committee member,TRUE,2019-04-10 0:00:00,2021-12-31 0:00:00,AAAAAOXMtzs=,2019-04-10 14:24:49
4109,0EC9F0FC-0CFB-4401-AA62-A302F7A3089E,7565,Peter A.,Koo,Peter A. Koo,5213,Committee on Technology,TRUE,1,Chairperson,FALSE,2018-01-11 0:00:00,2019-06-12 0:00:00,AAAAAOXXFKA=,2018-01-12 18:22:36
4110,567AC9F9-3C3B-40B4-B68E-E3D5B965B45A,7746,Robert F.,Holden,Robert F. Holden,5213,Committee on Technology,TRUE,3,Committee member,FALSE,2018-01-11 0:00:00,2019-06-12 0:00:00,AAAAAOXXFJw=,2018-01-12 18:23:06
4111,00E846C6-9F91-49CB-A4D4-8CB77B94789F,7566,Brad S.,Lander,Brad S. Lander,5213,Committee on Technology,TRUE,3,Committee member,TRUE,2018-01-11 0:00:00,2021-12-31 0:00:00,AAAAAOV8lHc=,2018-01-12 18:23:26
4112,1011788F-79E4-4DD0-8C1E-ECB01C082541,7510,Eric A.,Ulrich,Eric A. Ulrich,5213,Committee on Technology,TRUE,3,Committee member,TRUE,2018-01-11 0:00:00,2021-12-31 0:00:00,AAAAAOV8lHs=,2018-01-12 18:23:45
4113,8B0E8FEA-1C7E-4252-8FE6-52A83BC54052,7749,Kalman,Yeger,Kalman Yeger,5213,Committee on Technology,TRUE,3,Committee member,TRUE,2018-01-11 0:00:00,2021-12-31 0:00:00,AAAAAOV8lH8=,2018-01-12 18:24:08
4276,5CEBAC2C-5FA3-4A3C-974A-1F2B3B9C30EF,7565,Peter A.,Koo,Peter A. Koo,5213,Committee on Technology,TRUE,3,Council member,FALSE,2019-06-13 0:00:00,2019-06-13 0:00:00,AAAAAOXXFJ4=,2019-06-13 18:52:02
4277,E483EADC-BD5F-4793-BC39-9DACE6DF5EBE,7746,Robert F.,Holden,Robert F. Holden,5213,Committee on Technology,TRUE,1,Chairperson,TRUE,2019-06-13 0:00:00,2021-12-31 0:00:00,AAAAAOXXFKI=,2019-06-13 18:52:47
4278,2251A8EF-2631-4C8D-90A8-4DD808CD9580,7742,Diana,Ayala,Diana Ayala,5213,Committee on Technology,TRUE,3,Committee member,TRUE,2019-06-13 0:00:00,2021-12-31 0:00:00,AAAAAOXXFHg=,2019-06-13 18:53:15
4279,C03ECD3F-7C1E-4A71-8121-A1B64602D032,7627,Costa G.,Constantinides,Costa G. Constantinides,5213,Committee on Technology,TRUE,3,Committee member,TRUE,2019-06-13 0:00:00,2021-12-31 0:00:00,AAAAAOXXFHw=,2019-06-13 18:53:52
4291,A1563C00-8B53-4CBC-B452-31150EE4DA4F,7565,Peter A.,Koo,Peter A. Koo,5213,Committee on Technology,TRUE,3,Committee member,TRUE,2019-06-13 0:00:00,2021-12-31 0:00:00,AAAAAOXo1HU=,2019-10-07 18:17:14
3856,9D734E94-5798-47E4-AAA0-B76E7E1E6B74,7113,Mathieu,Eugene,Mathieu Eugene,5235,Committee on Civil and Human Rights,TRUE,1,Chairperson,TRUE,2018-01-11 0:00:00,2021-12-31 0:00:00,AAAAAOV8hW4=,2018-01-11 15:45:52
3857,486A05F1-2C50-4BBC-8858-45FD54834E1C,7563,Daniel,Dromm,Daniel Dromm,5235,Committee on Civil and Human Rights,TRUE,3,Committee member,TRUE,2018-01-11 0:00:00,2021-12-31 0:00:00,AAAAAOV8hW8=,2018-01-11 15:46:19
3858,D4936DD1-70D2-4B8E-9D00-1D9CCEC01429,7632,Ben,Kallos,Ben Kallos,5235,Committee on Civil and Human Rights,TRUE,3,Committee member,FALSE,2018-01-11 0:00:00,2019-04-09 0:00:00,AAAAAOXMjlY=,2018-01-11 15:47:06
3859,7160CE95-2C8C-4506-829C-87D78A4247C0,7566,Brad S.,Lander,Brad S. Lander,5235,Committee on Civil and Human Rights,TRUE,3,Committee member,TRUE,2018-01-11 0:00:00,2021-12-31 0:00:00,AAAAAOV8hXE=,2018-01-11 15:57:42
3860,3C23424E-C15E-483E-845C-4D35DF448982,430,Bill,Perkins,Bill Perkins,5235,Committee on Civil and Human Rights,TRUE,3,Committee member,TRUE,2018-01-11 0:00:00,2021-12-31 0:00:00,AAAAAOV8hXI=,2018-01-11 15:58:07
3861,609432F4-6485-4135-99F3-C25115AE4E9C,7541,Ydanis A.,Rodriguez,Ydanis A. Rodriguez,5235,Committee on Civil and Human Rights,TRUE,3,Committee member,FALSE,2018-01-11 0:00:00,2019-10-29 0:00:00,AAAAAOXsA/A=,2018-01-11 15:58:32
3862,F49A09F8-8E66-47AC-ACC9-E56D6AA9C1A4,7639,Helen K.,Rosenthal,Helen K. Rosenthal,5235,Committee on Civil and Human Rights,TRUE,3,Committee member,FALSE,2018-01-11 0:00:00,2019-04-09 0:00:00,AAAAAOXMjlg=,2018-01-11 15:59:04
4293,47639A6F-6575-4335-AFF2-15BAD6A7B09A,7623,Inez D.,Barron,Inez D. Barron,5235,Committee on Civil and Human Rights,TRUE,3,Committee member,TRUE,2019-10-30 0:00:00,2021-12-31 0:00:00,AAAAAOXsA2I=,2019-10-30 17:08:35
3870,C6596977-59EB-4DF8-83B2-8BBEAFE03CE6,7630,Rafael L.,"Espinal, Jr.","Rafael L. Espinal, Jr.",5236,Committee on Consumer Affairs and Business Licensing,TRUE,1,Chairperson,TRUE,2018-01-11 0:00:00,2021-12-31 0:00:00,AAAAAOV8hYs=,2018-01-11 19:31:58
3871,F72D5082-E655-4CE9-BA63-0948E36F52C0,7562,Margaret S.,Chin,Margaret S. Chin,5236,Committee on Consumer Affairs and Business Licensing,TRUE,3,Committee member,TRUE,2018-01-11 0:00:00,2021-12-31 0:00:00,AAAAAOV8hY8=,2018-01-11 19:32:30
3872,B80778A7-36D9-4E97-ADE3-8B0617466CD2,7565,Peter A.,Koo,Peter A. Koo,5236,Committee on Consumer Affairs and Business Licensing,TRUE,3,Committee member,TRUE,2018-01-11 0:00:00,2021-12-31 0:00:00,AAAAAOV8hZM=,2018-01-11 19:33:37
3873,CEB9BB53-04A9-486C-82CA-7918C98F2F69,386,Karen,Koslowitz,Karen Koslowitz,5236,Committee on Consumer Affairs and Business Licensing,TRUE,3,Committee member,TRUE,2018-01-11 0:00:00,2021-12-31 0:00:00,AAAAAOV8hZc=,2018-01-11 19:34:02
3874,190095F8-11D5-486E-A4DC-7CDF19508B3D,7566,Brad S.,Lander,Brad S. Lander,5236,Committee on Consumer Affairs and Business Licensing,TRUE,3,Committee member,TRUE,2018-01-11 0:00:00,2021-12-31 0:00:00,AAAAAOV8hZs=,2018-01-11 19:36:51
4233,B69D0F08-1D31-4015-85C3-EB3E6CB0DFF4,7748,Justin L.,Brannan,Justin L. Brannan,5236,Committee on Consumer Affairs and Business Licensing,TRUE,3,Committee member,TRUE,2019-04-10 0:00:00,2021-12-31 0:00:00,AAAAAOXMjVI=,2019-04-09 17:55:51
4234,9BBE5A54-ED2B-41CB-8400-6017E6B1BE6C,7741,Keith,Powers,Keith Powers,5236,Committee on Consumer Affairs and Business Licensing,TRUE,3,Committee member,TRUE,2019-04-10 0:00:00,2021-12-31 0:00:00,AAAAAOXMjVY=,2019-04-09 17:56:18
3880,B5F8019D-BFBC-42CB-80AB-0B2EA7931195,7741,Keith,Powers,Keith Powers,5237,Committee on Criminal Justice,TRUE,1,Chairperson,TRUE,2018-01-11 0:00:00,2021-12-31 0:00:00,AAAAAOV8hiQ=,2018-01-11 20:01:30
3881,23A5F27B-0F9E-421B-A6D5-F2EAFC976196,7747,Alicka,Ampry-Samuel,Alicka Ampry-Samuel,5237,Committee on Criminal Justice,TRUE,3,Committee member,TRUE,2018-01-11 0:00:00,2021-12-31 0:00:00,AAAAAOV8hig=,2018-01-11 20:02:35
3882,19BC013B-1406-47C6-9D04-AAFAA0779030,7746,Robert F.,Holden,Robert F. Holden,5237,Committee on Criminal Justice,TRUE,3,Committee member,TRUE,2018-01-11 0:00:00,2021-12-31 0:00:00,AAAAAOV8hjA=,2018-01-11 20:03:28
3883,476D4D08-ED57-44AF-9816-E97E6F8E62EF,7633,Rory I.,Lancman,Rory I. Lancman,5237,Committee on Criminal Justice,TRUE,3,Committee member,TRUE,2018-01-11 0:00:00,2021-12-31 0:00:00,AAAAAOV8hjI=,2018-01-11 20:03:57
3884,6BE26E1A-474B-4C1F-9E62-5797C845E342,7740,Carlina,Rivera,Carlina Rivera,5237,Committee on Criminal Justice,TRUE,3,Committee member,TRUE,2018-01-11 0:00:00,2021-12-31 0:00:00,AAAAAOV8hjY=,2018-01-11 20:04:38
4236,80D634D5-C6BE-432D-83B9-440FFA06CC71,7634,Mark,Levine,Mark Levine,5237,Committee on Criminal Justice,TRUE,3,Committee member,FALSE,2019-04-10 0:00:00,2019-10-29 0:00:00,AAAAAOXsA/Q=,2019-04-09 18:09:25
4237,DB259F0C-ECFA-40B4-9F95-8158AFC5ADAC,7617,Donovan J.,Richards,Donovan J. Richards,5237,Committee on Criminal Justice,TRUE,3,Committee member,FALSE,2019-04-10 0:00:00,2019-10-29 0:00:00,AAAAAOXsA/Y=,2019-04-09 18:09:58
3942,6E715467-2F52-4268-A875-5D905A909B8D,7264,Joseph,Borelli,Joseph C. Borelli,5239,Committee on Fire and Emergency Management,TRUE,1,Chairperson,TRUE,2018-01-11 0:00:00,2021-12-31 0:00:00,AAAAAOV8ioc=,2018-01-11 21:08:49
3943,9659C47C-4775-4870-A060-9CC0ED014903,7747,Alicka,Ampry-Samuel,Alicka Ampry-Samuel,5239,Committee on Fire and Emergency Management,TRUE,3,Committee member,FALSE,2018-01-11 0:00:00,2019-04-09 0:00:00,AAAAAOXMjqc=,2018-01-11 21:09:15
3944,6A6D249B-3AC1-478D-B87F-6AB23631516B,7748,Justin L.,Brannan,Justin L. Brannan,5239,Committee on Fire and Emergency Management,TRUE,3,Committee member,TRUE,2018-01-11 0:00:00,2021-12-31 0:00:00,AAAAAOV8io8=,2018-01-11 21:09:39
3945,8ED5DD2E-8B7A-4FCD-93E2-E249D82A9C5F,7561,Fernando,Cabrera,Fernando Cabrera,5239,Committee on Fire and Emergency Management,TRUE,3,Committee member,TRUE,2018-01-11 0:00:00,2021-12-31 0:00:00,AAAAAOV8ipM=,2018-01-11 21:10:10
3946,4B70BF27-B8BD-4BE7-B19B-71AB38F4F401,7635,Alan N.,Maisel,Alan N. Maisel,5239,Committee on Fire and Emergency Management,TRUE,3,Committee member,TRUE,2018-01-11 0:00:00,2021-12-31 0:00:00,AAAAAOV8ipc=,2018-01-11 21:10:43
4239,096B48AA-9990-473A-8673-EB66F40C8F9B,7629,Chaim M.,Deutsch,Chaim M. Deutsch,5239,Committee on Fire and Emergency Management,TRUE,3,Committee member,TRUE,2019-04-10 0:00:00,2021-12-31 0:00:00,AAAAAOXMjqk=,2019-04-09 18:21:00
3947,9ED7FCD1-1C38-4060-89C7-EC92394161BF,7744,Ruben,"Diaz, Sr.","Ruben Diaz, Sr.",5240,Committee on For-Hire Vehicles,FALSE,1,Chairperson,FALSE,2018-01-11 0:00:00,2019-02-14 0:00:00,AAAAAOXEy+4=,2018-01-11 21:15:04
3948,49264839-3D56-40CA-8B06-FB63D2B22D51,7627,Costa G.,Constantinides,Costa G. Constantinides,5240,Committee on For-Hire Vehicles,FALSE,3,Committee member,FALSE,2018-01-11 0:00:00,2019-02-14 0:00:00,AAAAAOXEy/I=,2018-01-11 21:15:35
3949,4572F9FA-1D3A-4336-A487-49F9EB60395A,7745,Francisco P.,Moya,Francisco P. Moya,5240,Committee on For-Hire Vehicles,FALSE,3,Committee member,FALSE,2018-01-11 0:00:00,2019-02-14 0:00:00,AAAAAOXEy/Q=,2018-01-11 21:15:59
3950,14B70129-C017-44BF-9A4E-2944637BBCD3,7264,Joseph,Borelli,Joseph C. Borelli,5240,Committee on For-Hire Vehicles,FALSE,3,Committee member,FALSE,2018-01-11 0:00:00,2019-02-14 0:00:00,AAAAAOXEy/w=,2018-01-11 21:16:43
3951,3E23D1AC-6D2A-4706-AB49-20DEC3361907,7541,Ydanis A.,Rodriguez,Ydanis A. Rodriguez,5240,Committee on For-Hire Vehicles,FALSE,3,Committee member,FALSE,2018-01-11 0:00:00,2019-02-14 0:00:00,AAAAAOXEy/4=,2018-01-11 21:17:08
3952,8B36BC54-3F47-47CD-A69C-92171D7B40CD,7568,Deborah L.,Rose,Deborah L. Rose,5240,Committee on For-Hire Vehicles,FALSE,3,Committee member,FALSE,2018-01-11 0:00:00,2019-02-14 0:00:00,AAAAAOXEy/g=,2018-01-11 21:17:32
3953,D78919C8-05AE-4267-9088-20DB777172AC,7642,Paul A.,Vallone,Paul A. Vallone,5240,Committee on For-Hire Vehicles,FALSE,3,Committee member,FALSE,2018-01-11 0:00:00,2019-02-14 0:00:00,AAAAAOXEy/o=,2018-01-11 21:17:56
3977,C7084E61-8ABB-4564-A395-788AC30360AC,7740,Carlina,Rivera,Carlina Rivera,5241,Committee on Hospitals,TRUE,1,Chairperson,TRUE,2018-01-11 0:00:00,2021-12-31 0:00:00,AAAAAOV8jAc=,2018-01-11 21:47:14
3978,A0BA4D10-6190-41A6-9086-8C092A016AE4,7742,Diana,Ayala,Diana Ayala,5241,Committee on Hospitals,TRUE,3,Committee member,TRUE,2018-01-11 0:00:00,2021-12-31 0:00:00,AAAAAOV8jCc=,2018-01-11 21:47:37
3984,2052EE5C-189C-49A4-B6BA-78857E26F0B2,7113,Mathieu,Eugene,Mathieu Eugene,5241,Committee on Hospitals,TRUE,3,Committee member,TRUE,2018-01-11 0:00:00,2021-12-31 0:00:00,AAAAAOV8kY8=,2018-01-12 16:06:44
3985,D3DBCA3E-16FB-463E-B93F-DCBA9D6E31FB,7634,Mark,Levine,Mark Levine,5241,Committee on Hospitals,TRUE,3,Committee member,TRUE,2018-01-11 0:00:00,2021-12-31 0:00:00,AAAAAOV8kZM=,2018-01-12 16:07:10
3986,4F05BBAD-E154-456C-9239-69F6AED8B13D,7635,Alan N.,Maisel,Alan N. Maisel,5241,Committee on Hospitals,TRUE,3,Committee member,TRUE,2018-01-11 0:00:00,2021-12-31 0:00:00,AAAAAOV8kZc=,2018-01-12 16:08:14
3987,F3B6F2A6-1ED9-4963-8445-1982AC6B24AA,7745,Francisco P.,Moya,Francisco P. Moya,5241,Committee on Hospitals,TRUE,3,Committee member,TRUE,2018-01-11 0:00:00,2021-12-31 0:00:00,AAAAAOV8kZs=,2018-01-12 16:09:24
3988,FFA427FB-2005-44F4-804D-3E7AACD4656A,7638,Antonio,Reynoso,Antonio Reynoso,5241,Committee on Hospitals,TRUE,3,Committee member,TRUE,2018-01-11 0:00:00,2021-12-31 0:00:00,AAAAAOV8kZ8=,2018-01-12 16:10:28
4007,99DAC664-076D-40D8-8B54-5C02EB3F7D29,7633,Rory I.,Lancman,Rory I. Lancman,5242,Committee on Justice System,TRUE,3,Chairperson,TRUE,2018-01-11 0:00:00,2021-12-31 0:00:00,AAAAAOV8kgo=,2018-01-12 16:30:30
4008,8AAA8F83-3BD0-4E95-9C46-23B5D6148BD1,7624,Andrew,Cohen,Andrew Cohen,5242,Committee on Justice System,TRUE,3,Committee member,TRUE,2018-01-11 0:00:00,2021-12-31 0:00:00,AAAAAOV8kg4=,2018-01-12 16:30:58
4009,368882F2-9A6B-4C35-97B6-C11354B967F6,7635,Alan N.,Maisel,Alan N. Maisel,5242,Committee on Justice System,TRUE,3,Committee member,TRUE,2018-01-11 0:00:00,2021-12-31 0:00:00,AAAAAOXXE6s=,2018-01-12 16:31:25
4010,D13BDA3B-31F5-453A-A6C7-6EB7875DB533,7568,Deborah L.,Rose,Deborah L. Rose,5242,Committee on Justice System,TRUE,3,Committee member,TRUE,2018-01-11 0:00:00,2021-12-31 0:00:00,AAAAAOV8khY=,2018-01-12 16:31:48
4011,EB3F4448-3CDF-4D22-9C00-4D60AD03FD8E,7510,Eric A.,Ulrich,Eric A. Ulrich,5242,Committee on Justice System,TRUE,3,Committee member,FALSE,2018-01-11 0:00:00,2019-06-13 0:00:00,AAAAAOXXE6E=,2018-01-12 16:32:08
4231,45718675-6DDF-4F5F-8E2E-11D227D99D1B,7563,Daniel,Dromm,Daniel Dromm,5242,Committee on Justice System,TRUE,3,Committee member,FALSE,2019-04-10 0:00:00,2019-06-13 0:00:00,AAAAAOXXE50=,2019-04-09 17:49:52
4232,CF4109FB-575E-47B6-B5AE-5E70E64BA217,7566,Brad S.,Lander,Brad S. Lander,5242,Committee on Justice System,TRUE,3,Committee member,FALSE,2019-04-10 0:00:00,2019-06-13 0:00:00,AAAAAOXXE58=,2019-04-09 17:50:23
4267,B5264E2D-C2C5-49FF-A357-E1535B499889,7628,Laurie A.,Cumbo,Laurie A. Cumbo,5242,Committee on Justice System,TRUE,3,Committee member,TRUE,2019-06-13 0:00:00,2021-12-31 0:00:00,AAAAAOXXE6M=,2019-06-13 18:22:41
4268,CD0FC32E-9AA5-4638-A401-12ADEE85876F,7785,Farah,Louis,Farah N. Louis,5242,Committee on Justice System,TRUE,3,Committee member,TRUE,2019-06-13 0:00:00,2021-12-31 0:00:00,AAAAAOXXE6c=,2019-06-13 18:23:20
4269,24631BE6-8EA4-4A13-BA5D-35A6342E5678,7640,Ritchie J.,Torres,Ritchie J. Torres,5242,Committee on Justice System,TRUE,3,Committee member,TRUE,2019-06-13 0:00:00,2021-12-31 0:00:00,AAAAAOXXE60=,2019-06-13 18:24:14
4039,E153DF0A-A9A2-4BAE-87AC-8784610D3DBA,7742,Diana,Ayala,Diana Ayala,5243,"Committee on Mental Health, Disabilities and Addiction",TRUE,3,Chairperson,TRUE,2018-01-11 0:00:00,2021-12-31 0:00:00,AAAAAOV8krM=,2018-01-12 17:17:21
4040,AC5A38A8-4625-40BB-A0D6-221495D8B936,7747,Alicka,Ampry-Samuel,Alicka Ampry-Samuel,5243,"Committee on Mental Health, Disabilities and Addiction",TRUE,3,Committee member,TRUE,2018-01-11 0:00:00,2021-12-31 0:00:00,AAAAAOV8krc=,2018-01-12 17:17:41
4041,D43F84EA-E3B5-457A-97C3-46140C899750,7561,Fernando,Cabrera,Fernando Cabrera,5243,"Committee on Mental Health, Disabilities and Addiction",TRUE,3,Committee member,TRUE,2018-01-11 0:00:00,2021-12-31 0:00:00,AAAAAOV8krs=,2018-01-12 17:18:01
4042,749E8D93-D0FD-4933-B92B-BDB0F68EF465,7746,Robert F.,Holden,Robert F. Holden,5243,"Committee on Mental Health, Disabilities and Addiction",TRUE,3,Committee member,TRUE,2018-01-11 0:00:00,2021-12-31 0:00:00,AAAAAOV8kr8=,2018-01-12 17:18:29
4043,FBFD0FBA-17E6-48EA-AEDF-8325E7928156,7569,James G.,Van Bramer,James G. Van Bramer,5243,"Committee on Mental Health, Disabilities and Addiction",TRUE,3,Committee member,TRUE,2018-01-11 0:00:00,2021-12-31 0:00:00,AAAAAOV8ksM=,2018-01-12 17:18:52
4134,A138BC1B-2961-4C0D-809F-20AF83DBF43F,7639,Helen K.,Rosenthal,Helen K. Rosenthal,5244,Committee on Women and Gender Equity,TRUE,1,Chairperson,TRUE,2018-01-11 0:00:00,2021-12-31 0:00:00,AAAAAOV8lQY=,2018-01-12 18:41:15
4135,CF9AEB3F-9A7C-48F8-B3E6-36A0432CD218,7742,Diana,Ayala,Diana Ayala,5244,Committee on Women and Gender Equity,TRUE,3,Committee member,TRUE,2018-01-11 0:00:00,2021-12-31 0:00:00,AAAAAOV8lQg=,2018-01-12 18:41:47
4136,F5EF10DC-6249-44A4-BF14-CECDCA59D173,7628,Laurie A.,Cumbo,Laurie A. Cumbo,5244,Committee on Women and Gender Equity,TRUE,3,Committee member,TRUE,2018-01-11 0:00:00,2021-12-31 0:00:00,AAAAAOV8lQw=,2018-01-12 18:42:09
4137,7A714EF1-F92D-4500-A2F7-D6685028FC1E,7632,Ben,Kallos,Ben Kallos,5244,Committee on Women and Gender Equity,TRUE,3,Committee member,TRUE,2018-01-11 0:00:00,2021-12-31 0:00:00,AAAAAOV8lRA=,2018-01-12 18:42:30
4138,B02419A0-7F0C-400B-89FF-9F51ED924AFE,7566,Brad S.,Lander,Brad S. Lander,5244,Committee on Women and Gender Equity,TRUE,3,Committee member,TRUE,2018-01-11 0:00:00,2021-12-31 0:00:00,AAAAAOV8lRQ=,2018-01-12 18:42:53
4144,30129927-AE49-40D2-94C5-FCB43A5FC0D4,7622,Vanessa L.,Gibson,Vanessa L. Gibson,5245,Subcommittee on Capital Budget,TRUE,1,Chairperson,TRUE,2018-01-11 0:00:00,2021-12-31 0:00:00,AAAAAOV8lWo=,2018-01-12 18:56:08
4145,284C145D-9292-4FC6-A3DB-3E289C9AEF40,7691,Barry,Grodenchik,Barry S. Grodenchik,5245,Subcommittee on Capital Budget,TRUE,3,Committee member,TRUE,2018-01-11 0:00:00,2021-12-31 0:00:00,AAAAAOV8lW4=,2018-01-12 18:56:39
4146,44F2F975-CD10-453A-BD0E-83B75DBE670F,5953,Steven,Matteo,Steven Matteo,5245,Subcommittee on Capital Budget,TRUE,3,Committee member,TRUE,2018-01-11 0:00:00,2021-12-31 0:00:00,AAAAAOV8lXI=,2018-01-12 18:57:10
4147,2BFB47CE-2CAF-4B22-9461-A600C47899B2,7741,Keith,Powers,Keith Powers,5245,Subcommittee on Capital Budget,TRUE,3,Committee member,FALSE,2018-01-11 0:00:00,2019-04-09 0:00:00,AAAAAOXMt7U=,2018-01-12 18:57:39
4148,B45A3E0A-8239-4040-B0DF-81E4638A41C5,7639,Helen K.,Rosenthal,Helen K. Rosenthal,5245,Subcommittee on Capital Budget,TRUE,3,Committee member,TRUE,2018-01-11 0:00:00,2021-12-31 0:00:00,AAAAAOV8lXo=,2018-01-12 18:57:57
4252,8A8991D7-FC17-43EA-8F00-F8AE01AE64DA,7743,Mark,Gjonaj,Mark Gjonaj,5245,Subcommittee on Capital Budget,TRUE,3,Committee member,TRUE,2019-04-10 0:00:00,2021-12-31 0:00:00,AAAAAOXMt7c=,2019-04-10 14:47:46
4253,833B8B62-9021-4857-9AD7-0C4AD2BE48C5,7748,Justin L.,Brannan,Justin L. Brannan,5258,Committee on Resiliency and Waterfronts,TRUE,1,Chairperson,TRUE,2019-04-09 0:00:00,2021-12-31 0:00:00,AAAAAOXMt/g=,2019-04-10 14:59:55
4254,0B38D677-E29D-4CB8-A120-BE4A66BA0A62,7627,Costa G.,Constantinides,Costa G. Constantinides,5258,Committee on Resiliency and Waterfronts,TRUE,3,Committee member,TRUE,2019-04-09 0:00:00,2021-12-31 0:00:00,AAAAAOXMt/o=,2019-04-10 15:00:29
4255,3931B746-27E4-4091-8A6D-601BEF4C2B1B,7744,Ruben,"Diaz, Sr.","Ruben Diaz, Sr.",5258,Committee on Resiliency and Waterfronts,TRUE,3,Committee member,TRUE,2019-04-09 0:00:00,2021-12-31 0:00:00,AAAAAOXMt/4=,2019-04-10 15:00:55
4256,1C93A431-24C6-4CF9-A23A-C85DF7438E7A,7568,Deborah L.,Rose,Deborah L. Rose,5258,Committee on Resiliency and Waterfronts,TRUE,3,Committee member,TRUE,2019-04-09 0:00:00,2021-12-31 0:00:00,AAAAAOXMuAM=,2019-04-10 15:01:23
4257,D3DE61F9-2BEF-44C8-B84D-66B8B062E604,7510,Eric A.,Ulrich,Eric A. Ulrich,5258,Committee on Resiliency and Waterfronts,TRUE,3,Committee member,TRUE,2019-04-09 0:00:00,2021-12-31 0:00:00,AAAAAOXMuAc=,2019-04-10 15:01:53
4281,808385A1-D900-4628-9900-F2E91CBEB08C,7739,Adrienne,Adams,Adrienne E. Adams,5261,"Subcommittee on Landmarks, Public Sitings and Dispositions",TRUE,1,Chairperson,TRUE,2019-09-25 0:00:00,2021-12-31 0:00:00,AAAAAOXwINk=,2019-08-28 14:20:06
4287,12ED0C08-03F5-4E60-BA8C-18A12B14EA3A,7623,Inez D.,Barron,Inez D. Barron,5261,"Subcommittee on Landmarks, Public Sitings and Dispositions",TRUE,3,Committee member,TRUE,2019-09-25 0:00:00,2021-12-31 0:00:00,AAAAAOXnnqE=,2019-09-24 15:26:36
4288,5BD143CC-1500-4938-9B4F-073A0CC0BA30,7565,Peter A.,Koo,Peter A. Koo,5261,"Subcommittee on Landmarks, Public Sitings and Dispositions",TRUE,3,Committee member,TRUE,2019-09-25 0:00:00,2021-12-31 0:00:00,AAAAAOXnnqI=,2019-09-24 15:27:02
4289,17564E6E-A7EA-4E6A-B40B-A0B58B5E7980,7637,I. Daneek,Miller,I. Daneek Miller,5261,"Subcommittee on Landmarks, Public Sitings and Dispositions",TRUE,3,Committee member,TRUE,2019-09-25 0:00:00,2021-12-31 0:00:00,AAAAAOXnnqM=,2019-09-24 15:27:29
4290,C8CFF894-4F08-40E4-994F-14FC619CBCC5,7641,Mark,Treyger,Mark Treyger,5261,"Subcommittee on Landmarks, Public Sitings and Dispositions",TRUE,3,Committee member,TRUE,2019-09-25 0:00:00,2021-12-31 0:00:00,AAAAAOXnnqQ=,2019-09-24 15:28:21